{
    "0": {
        "bpp": 0.208740234375,
        "decoding_time": 0.25020289421081543,
        "encoding_time": 0.24204683303833008,
        "ms-ssim": 0.960960328578949,
        "psnr": 32.320465087890625
    },
    "1": {
        "bpp": 0.18245442708333334,
        "decoding_time": 0.24553704261779785,
        "encoding_time": 0.2259211540222168,
        "ms-ssim": 0.9577867388725281,
        "psnr": 32.54084396362305
    },
    "2": {
        "bpp": 0.14607747395833334,
        "decoding_time": 0.24562501907348633,
        "encoding_time": 0.22890615463256836,
        "ms-ssim": 0.957229495048523,
        "psnr": 33.581092834472656
    },
    "3": {
        "bpp": 0.19661458333333334,
        "decoding_time": 0.24460864067077637,
        "encoding_time": 0.22603058815002441,
        "ms-ssim": 0.9703211188316345,
        "psnr": 32.640838623046875
    },
    "4": {
        "bpp": 0.24568684895833334,
        "decoding_time": 0.24436283111572266,
        "encoding_time": 0.22744345664978027,
        "ms-ssim": 0.9621261954307556,
        "psnr": 31.608837127685547
    },
    "5": {
        "bpp": 0.16300455729166666,
        "decoding_time": 0.24430131912231445,
        "encoding_time": 0.22806739807128906,
        "ms-ssim": 0.9764798879623413,
        "psnr": 33.2092170715332
    },
    "6": {
        "bpp": 0.373291015625,
        "decoding_time": 0.28244614601135254,
        "encoding_time": 0.22823572158813477,
        "ms-ssim": 0.9689708948135376,
        "psnr": 28.604337692260742
    },
    "7": {
        "bpp": 0.49755859375,
        "decoding_time": 0.22105956077575684,
        "encoding_time": 0.20741510391235352,
        "ms-ssim": 0.9751237630844116,
        "psnr": 28.2169246673584
    },
    "8": {
        "bpp": 0.14152018229166666,
        "decoding_time": 0.24561309814453125,
        "encoding_time": 0.22578883171081543,
        "ms-ssim": 0.9740974307060242,
        "psnr": 34.57759475708008
    },
    "9": {
        "bpp": 0.383544921875,
        "decoding_time": 0.2781527042388916,
        "encoding_time": 0.2254045009613037,
        "ms-ssim": 0.963047981262207,
        "psnr": 29.9136962890625
    },
    "10": {
        "bpp": 0.2937825520833333,
        "decoding_time": 0.24812030792236328,
        "encoding_time": 0.23390603065490723,
        "ms-ssim": 0.972536027431488,
        "psnr": 30.434438705444336
    },
    "11": {
        "bpp": 0.16715494791666666,
        "decoding_time": 0.2466895580291748,
        "encoding_time": 0.2283458709716797,
        "ms-ssim": 0.9654647707939148,
        "psnr": 32.55052947998047
    },
    "12": {
        "bpp": 0.5131022135416666,
        "decoding_time": 0.24874472618103027,
        "encoding_time": 0.23340296745300293,
        "ms-ssim": 0.9746076464653015,
        "psnr": 29.262758255004883
    },
    "13": {
        "bpp": 0.12687174479166666,
        "decoding_time": 0.2447829246520996,
        "encoding_time": 0.22899556159973145,
        "ms-ssim": 0.9748188257217407,
        "psnr": 35.02510452270508
    },
    "14": {
        "bpp": 0.17439778645833334,
        "decoding_time": 0.2453761100769043,
        "encoding_time": 0.22815775871276855,
        "ms-ssim": 0.9733542203903198,
        "psnr": 33.94371795654297
    },
    "15": {
        "bpp": 0.2731119791666667,
        "decoding_time": 0.25037574768066406,
        "encoding_time": 0.22894048690795898,
        "ms-ssim": 0.9580016136169434,
        "psnr": 30.74627113342285
    },
    "16": {
        "bpp": 0.15437825520833334,
        "decoding_time": 0.24950766563415527,
        "encoding_time": 0.2317366600036621,
        "ms-ssim": 0.9374966025352478,
        "psnr": 32.156890869140625
    },
    "17": {
        "bpp": 0.57568359375,
        "decoding_time": 0.2480759620666504,
        "encoding_time": 0.23769545555114746,
        "ms-ssim": 0.9569122791290283,
        "psnr": 25.784589767456055
    },
    "18": {
        "bpp": 0.16300455729166666,
        "decoding_time": 0.2444906234741211,
        "encoding_time": 0.22814631462097168,
        "ms-ssim": 0.9786631464958191,
        "psnr": 34.029029846191406
    },
    "19": {
        "bpp": 0.2655436197916667,
        "decoding_time": 0.2183692455291748,
        "encoding_time": 0.20844006538391113,
        "ms-ssim": 0.9499913454055786,
        "psnr": 30.823579788208008
    },
    "20": {
        "bpp": 0.21736653645833334,
        "decoding_time": 0.21741414070129395,
        "encoding_time": 0.2070775032043457,
        "ms-ssim": 0.9839093089103699,
        "psnr": 33.95891571044922
    },
    "21": {
        "bpp": 0.37548828125,
        "decoding_time": 0.21967840194702148,
        "encoding_time": 0.22225332260131836,
        "ms-ssim": 0.961270809173584,
        "psnr": 28.728086471557617
    },
    "22": {
        "bpp": 0.3269856770833333,
        "decoding_time": 0.2236940860748291,
        "encoding_time": 0.20729446411132812,
        "ms-ssim": 0.9598821401596069,
        "psnr": 29.961179733276367
    },
    "23": {
        "bpp": 0.4453125,
        "decoding_time": 0.2508535385131836,
        "encoding_time": 0.22487807273864746,
        "ms-ssim": 0.9684187769889832,
        "psnr": 28.725269317626953
    }
}