{
    "0": {
        "bpp": 0.205810546875,
        "decoding_time": 0.28136467933654785,
        "encoding_time": 0.24560165405273438,
        "ms-ssim": 0.9606813192367554,
        "psnr": 32.28717803955078
    },
    "1": {
        "bpp": 0.17911783854166666,
        "decoding_time": 0.24812579154968262,
        "encoding_time": 0.2314615249633789,
        "ms-ssim": 0.957582950592041,
        "psnr": 32.49858856201172
    },
    "2": {
        "bpp": 0.14388020833333334,
        "decoding_time": 0.24981260299682617,
        "encoding_time": 0.24335956573486328,
        "ms-ssim": 0.9565885066986084,
        "psnr": 33.46848678588867
    },
    "3": {
        "bpp": 0.1943359375,
        "decoding_time": 0.25275635719299316,
        "encoding_time": 0.22895002365112305,
        "ms-ssim": 0.970216691493988,
        "psnr": 32.59870910644531
    },
    "4": {
        "bpp": 0.24169921875,
        "decoding_time": 0.2535674571990967,
        "encoding_time": 0.2402966022491455,
        "ms-ssim": 0.9620645046234131,
        "psnr": 31.56851577758789
    },
    "5": {
        "bpp": 0.16349283854166666,
        "decoding_time": 0.24941611289978027,
        "encoding_time": 0.23684406280517578,
        "ms-ssim": 0.9760748147964478,
        "psnr": 33.13306427001953
    },
    "6": {
        "bpp": 0.3701171875,
        "decoding_time": 0.24928665161132812,
        "encoding_time": 0.22765707969665527,
        "ms-ssim": 0.9689526557922363,
        "psnr": 28.566123962402344
    },
    "7": {
        "bpp": 0.4935709635416667,
        "decoding_time": 0.24866485595703125,
        "encoding_time": 0.23209142684936523,
        "ms-ssim": 0.9753856658935547,
        "psnr": 28.195096969604492
    },
    "8": {
        "bpp": 0.1396484375,
        "decoding_time": 0.25179362297058105,
        "encoding_time": 0.2338099479675293,
        "ms-ssim": 0.9738652110099792,
        "psnr": 34.50809860229492
    },
    "9": {
        "bpp": 0.3789876302083333,
        "decoding_time": 0.279705286026001,
        "encoding_time": 0.23023748397827148,
        "ms-ssim": 0.9625855684280396,
        "psnr": 29.894840240478516
    },
    "10": {
        "bpp": 0.2933756510416667,
        "decoding_time": 0.24745988845825195,
        "encoding_time": 0.22893834114074707,
        "ms-ssim": 0.9726812243461609,
        "psnr": 30.424985885620117
    },
    "11": {
        "bpp": 0.16446940104166666,
        "decoding_time": 0.24712753295898438,
        "encoding_time": 0.23953652381896973,
        "ms-ssim": 0.965814471244812,
        "psnr": 32.503509521484375
    },
    "12": {
        "bpp": 0.5108235677083334,
        "decoding_time": 0.25004100799560547,
        "encoding_time": 0.22922968864440918,
        "ms-ssim": 0.974882960319519,
        "psnr": 29.234235763549805
    },
    "13": {
        "bpp": 0.12687174479166666,
        "decoding_time": 0.24880242347717285,
        "encoding_time": 0.22677040100097656,
        "ms-ssim": 0.974986732006073,
        "psnr": 35.01509094238281
    },
    "14": {
        "bpp": 0.17220052083333334,
        "decoding_time": 0.24533891677856445,
        "encoding_time": 0.23799610137939453,
        "ms-ssim": 0.9730097651481628,
        "psnr": 33.90575408935547
    },
    "15": {
        "bpp": 0.270263671875,
        "decoding_time": 0.24064397811889648,
        "encoding_time": 0.2401869297027588,
        "ms-ssim": 0.957863986492157,
        "psnr": 30.72283363342285
    },
    "16": {
        "bpp": 0.15218098958333334,
        "decoding_time": 0.24779605865478516,
        "encoding_time": 0.23199105262756348,
        "ms-ssim": 0.9376968741416931,
        "psnr": 32.121185302734375
    },
    "17": {
        "bpp": 0.5732421875,
        "decoding_time": 0.21441864967346191,
        "encoding_time": 0.20455312728881836,
        "ms-ssim": 0.9568607211112976,
        "psnr": 25.779014587402344
    },
    "18": {
        "bpp": 0.160888671875,
        "decoding_time": 0.21406769752502441,
        "encoding_time": 0.2053205966949463,
        "ms-ssim": 0.9785031676292419,
        "psnr": 33.94244384765625
    },
    "19": {
        "bpp": 0.2635904947916667,
        "decoding_time": 0.22351336479187012,
        "encoding_time": 0.2122809886932373,
        "ms-ssim": 0.9499875903129578,
        "psnr": 30.78432273864746
    },
    "20": {
        "bpp": 0.21622721354166666,
        "decoding_time": 0.21430563926696777,
        "encoding_time": 0.20297551155090332,
        "ms-ssim": 0.9839245676994324,
        "psnr": 33.92225646972656
    },
    "21": {
        "bpp": 0.3741861979166667,
        "decoding_time": 0.22137856483459473,
        "encoding_time": 0.20520520210266113,
        "ms-ssim": 0.9608904123306274,
        "psnr": 28.715896606445312
    },
    "22": {
        "bpp": 0.3243001302083333,
        "decoding_time": 0.21250247955322266,
        "encoding_time": 0.21508049964904785,
        "ms-ssim": 0.9596443176269531,
        "psnr": 29.88825798034668
    },
    "23": {
        "bpp": 0.4409993489583333,
        "decoding_time": 0.21433758735656738,
        "encoding_time": 0.21384668350219727,
        "ms-ssim": 0.9682161211967468,
        "psnr": 28.71187400817871
    }
}