{
    "0": {
        "bpp": 0.5055338541666666,
        "decoding_time": 0.27318596839904785,
        "encoding_time": 0.2745325565338135,
        "ms-ssim": 0.9839205145835876,
        "psnr": 35.906253814697266
    },
    "1": {
        "bpp": 0.44677734375,
        "decoding_time": 0.27914929389953613,
        "encoding_time": 0.2691516876220703,
        "ms-ssim": 0.9808306694030762,
        "psnr": 35.727516174316406
    },
    "2": {
        "bpp": 0.365478515625,
        "decoding_time": 0.2599031925201416,
        "encoding_time": 0.2784895896911621,
        "ms-ssim": 0.9796102046966553,
        "psnr": 36.70109176635742
    },
    "3": {
        "bpp": 0.4306640625,
        "decoding_time": 0.27014946937561035,
        "encoding_time": 0.2524702548980713,
        "ms-ssim": 0.986254870891571,
        "psnr": 35.95327377319336
    },
    "4": {
        "bpp": 0.5813802083333334,
        "decoding_time": 0.25713634490966797,
        "encoding_time": 0.2415752410888672,
        "ms-ssim": 0.9828488826751709,
        "psnr": 34.92979431152344
    },
    "5": {
        "bpp": 0.3829752604166667,
        "decoding_time": 0.27399325370788574,
        "encoding_time": 0.26064610481262207,
        "ms-ssim": 0.9876551032066345,
        "psnr": 36.444801330566406
    },
    "6": {
        "bpp": 0.812255859375,
        "decoding_time": 0.2706441879272461,
        "encoding_time": 0.24379324913024902,
        "ms-ssim": 0.9876713752746582,
        "psnr": 32.912330627441406
    },
    "7": {
        "bpp": 1.073974609375,
        "decoding_time": 0.2799956798553467,
        "encoding_time": 0.24579167366027832,
        "ms-ssim": 0.9899741411209106,
        "psnr": 32.26691436767578
    },
    "8": {
        "bpp": 0.3190104166666667,
        "decoding_time": 0.2776634693145752,
        "encoding_time": 0.25432395935058594,
        "ms-ssim": 0.986193060874939,
        "psnr": 37.770057678222656
    },
    "9": {
        "bpp": 0.8514811197916666,
        "decoding_time": 0.25844693183898926,
        "encoding_time": 0.24075984954833984,
        "ms-ssim": 0.9856399893760681,
        "psnr": 33.6295166015625
    },
    "10": {
        "bpp": 0.6341145833333334,
        "decoding_time": 0.2575385570526123,
        "encoding_time": 0.23990488052368164,
        "ms-ssim": 0.9857813119888306,
        "psnr": 34.22058868408203
    },
    "11": {
        "bpp": 0.41357421875,
        "decoding_time": 0.2551734447479248,
        "encoding_time": 0.2395308017730713,
        "ms-ssim": 0.9826698303222656,
        "psnr": 35.601783752441406
    },
    "12": {
        "bpp": 1.0438639322916667,
        "decoding_time": 0.22796845436096191,
        "encoding_time": 0.2261648178100586,
        "ms-ssim": 0.990990161895752,
        "psnr": 33.50071334838867
    },
    "13": {
        "bpp": 0.266845703125,
        "decoding_time": 0.25573182106018066,
        "encoding_time": 0.21575379371643066,
        "ms-ssim": 0.9865618944168091,
        "psnr": 37.97282409667969
    },
    "14": {
        "bpp": 0.3740234375,
        "decoding_time": 0.28336143493652344,
        "encoding_time": 0.2430858612060547,
        "ms-ssim": 0.9856278896331787,
        "psnr": 36.927486419677734
    },
    "15": {
        "bpp": 0.65283203125,
        "decoding_time": 0.26157164573669434,
        "encoding_time": 0.2513861656188965,
        "ms-ssim": 0.9827329516410828,
        "psnr": 34.33595275878906
    },
    "16": {
        "bpp": 0.4369303385416667,
        "decoding_time": 0.2606174945831299,
        "encoding_time": 0.24386358261108398,
        "ms-ssim": 0.9715055227279663,
        "psnr": 35.218910217285156
    },
    "17": {
        "bpp": 1.2828776041666667,
        "decoding_time": 0.2596859931945801,
        "encoding_time": 0.23823189735412598,
        "ms-ssim": 0.9848846197128296,
        "psnr": 29.807781219482422
    },
    "18": {
        "bpp": 0.342529296875,
        "decoding_time": 0.2631382942199707,
        "encoding_time": 0.249114990234375,
        "ms-ssim": 0.9871617555618286,
        "psnr": 37.11183166503906
    },
    "19": {
        "bpp": 0.6407063802083334,
        "decoding_time": 0.26902103424072266,
        "encoding_time": 0.24362516403198242,
        "ms-ssim": 0.9785332083702087,
        "psnr": 34.13209915161133
    },
    "20": {
        "bpp": 0.4313151041666667,
        "decoding_time": 0.26517200469970703,
        "encoding_time": 0.23578667640686035,
        "ms-ssim": 0.9918498396873474,
        "psnr": 37.424339294433594
    },
    "21": {
        "bpp": 0.8101399739583334,
        "decoding_time": 0.29577207565307617,
        "encoding_time": 0.24051403999328613,
        "ms-ssim": 0.9824458956718445,
        "psnr": 32.67397689819336
    },
    "22": {
        "bpp": 0.7537434895833334,
        "decoding_time": 0.277728796005249,
        "encoding_time": 0.2441387176513672,
        "ms-ssim": 0.9843462705612183,
        "psnr": 34.006282806396484
    },
    "23": {
        "bpp": 1.0148111979166667,
        "decoding_time": 0.26813578605651855,
        "encoding_time": 0.25258517265319824,
        "ms-ssim": 0.9885934591293335,
        "psnr": 32.64509963989258
    }
}