{
    "0": {
        "bpp": 0.5018717447916666,
        "decoding_time": 0.24150848388671875,
        "encoding_time": 0.24024271965026855,
        "ms-ssim": 0.984031081199646,
        "psnr": 35.888763427734375
    },
    "1": {
        "bpp": 0.4435221354166667,
        "decoding_time": 0.24710369110107422,
        "encoding_time": 0.23356342315673828,
        "ms-ssim": 0.980932891368866,
        "psnr": 35.62395477294922
    },
    "2": {
        "bpp": 0.3611653645833333,
        "decoding_time": 0.2511739730834961,
        "encoding_time": 0.2236173152923584,
        "ms-ssim": 0.9796993732452393,
        "psnr": 36.66033172607422
    },
    "3": {
        "bpp": 0.4264322916666667,
        "decoding_time": 0.24327611923217773,
        "encoding_time": 0.22588014602661133,
        "ms-ssim": 0.9862543940544128,
        "psnr": 35.89274597167969
    },
    "4": {
        "bpp": 0.575927734375,
        "decoding_time": 0.25560832023620605,
        "encoding_time": 0.23726916313171387,
        "ms-ssim": 0.982901930809021,
        "psnr": 34.861976623535156
    },
    "5": {
        "bpp": 0.3790690104166667,
        "decoding_time": 0.25171470642089844,
        "encoding_time": 0.2456669807434082,
        "ms-ssim": 0.9875761866569519,
        "psnr": 36.396484375
    },
    "6": {
        "bpp": 0.803955078125,
        "decoding_time": 0.2608194351196289,
        "encoding_time": 0.22892355918884277,
        "ms-ssim": 0.9875816106796265,
        "psnr": 32.85835266113281
    },
    "7": {
        "bpp": 1.066162109375,
        "decoding_time": 0.2517366409301758,
        "encoding_time": 0.2295849323272705,
        "ms-ssim": 0.9899896383285522,
        "psnr": 32.222198486328125
    },
    "8": {
        "bpp": 0.3124186197916667,
        "decoding_time": 0.24779272079467773,
        "encoding_time": 0.23081517219543457,
        "ms-ssim": 0.9861587285995483,
        "psnr": 37.638484954833984
    },
    "9": {
        "bpp": 0.8457845052083334,
        "decoding_time": 0.24804449081420898,
        "encoding_time": 0.2448561191558838,
        "ms-ssim": 0.9856457710266113,
        "psnr": 33.56284713745117
    },
    "10": {
        "bpp": 0.6314290364583334,
        "decoding_time": 0.24364900588989258,
        "encoding_time": 0.226762056350708,
        "ms-ssim": 0.9857117533683777,
        "psnr": 34.18053436279297
    },
    "11": {
        "bpp": 0.40869140625,
        "decoding_time": 0.24233269691467285,
        "encoding_time": 0.22576260566711426,
        "ms-ssim": 0.9824031591415405,
        "psnr": 35.51863098144531
    },
    "12": {
        "bpp": 1.035888671875,
        "decoding_time": 0.2488105297088623,
        "encoding_time": 0.261995792388916,
        "ms-ssim": 0.9909682273864746,
        "psnr": 33.426124572753906
    },
    "13": {
        "bpp": 0.2635904947916667,
        "decoding_time": 0.24883198738098145,
        "encoding_time": 0.23197007179260254,
        "ms-ssim": 0.9866088628768921,
        "psnr": 37.91355514526367
    },
    "14": {
        "bpp": 0.3666178385416667,
        "decoding_time": 0.24890637397766113,
        "encoding_time": 0.22446990013122559,
        "ms-ssim": 0.985599935054779,
        "psnr": 36.8441276550293
    },
    "15": {
        "bpp": 0.649658203125,
        "decoding_time": 0.24691414833068848,
        "encoding_time": 0.22731709480285645,
        "ms-ssim": 0.9829058647155762,
        "psnr": 34.29024124145508
    },
    "16": {
        "bpp": 0.4334309895833333,
        "decoding_time": 0.24338746070861816,
        "encoding_time": 0.2255871295928955,
        "ms-ssim": 0.971843957901001,
        "psnr": 35.105411529541016
    },
    "17": {
        "bpp": 1.280029296875,
        "decoding_time": 0.21849370002746582,
        "encoding_time": 0.20517706871032715,
        "ms-ssim": 0.9849444627761841,
        "psnr": 29.771574020385742
    },
    "18": {
        "bpp": 0.3358561197916667,
        "decoding_time": 0.2453000545501709,
        "encoding_time": 0.25095105171203613,
        "ms-ssim": 0.9870576858520508,
        "psnr": 37.05570602416992
    },
    "19": {
        "bpp": 0.635986328125,
        "decoding_time": 0.24164152145385742,
        "encoding_time": 0.23970556259155273,
        "ms-ssim": 0.9785074591636658,
        "psnr": 34.08977127075195
    },
    "20": {
        "bpp": 0.4241536458333333,
        "decoding_time": 0.20448684692382812,
        "encoding_time": 0.23150086402893066,
        "ms-ssim": 0.9918489456176758,
        "psnr": 37.36500549316406
    },
    "21": {
        "bpp": 0.805908203125,
        "decoding_time": 0.21088290214538574,
        "encoding_time": 0.20341968536376953,
        "ms-ssim": 0.9823864698410034,
        "psnr": 32.62366485595703
    },
    "22": {
        "bpp": 0.749267578125,
        "decoding_time": 0.21516108512878418,
        "encoding_time": 0.20303773880004883,
        "ms-ssim": 0.9844641089439392,
        "psnr": 33.99314880371094
    },
    "23": {
        "bpp": 1.0061848958333333,
        "decoding_time": 0.20677518844604492,
        "encoding_time": 0.20788097381591797,
        "ms-ssim": 0.9884676337242126,
        "psnr": 32.59996795654297
    }
}