{
    "0": {
        "bpp": 0.0791015625,
        "decoding_time": 0.06705832481384277,
        "encoding_time": 0.08200740814208984,
        "ms-ssim": 0.8920315504074097,
        "psnr": 27.812969207763672
    },
    "1": {
        "bpp": 0.088134765625,
        "decoding_time": 0.08066177368164062,
        "encoding_time": 0.07694411277770996,
        "ms-ssim": 0.8961521983146667,
        "psnr": 28.642602920532227
    },
    "2": {
        "bpp": 0.08463541666666667,
        "decoding_time": 0.06923151016235352,
        "encoding_time": 0.07191181182861328,
        "ms-ssim": 0.9091760516166687,
        "psnr": 29.820335388183594
    },
    "3": {
        "bpp": 0.09391276041666667,
        "decoding_time": 0.06586790084838867,
        "encoding_time": 0.06407308578491211,
        "ms-ssim": 0.9295215010643005,
        "psnr": 28.37763023376465
    },
    "4": {
        "bpp": 0.110107421875,
        "decoding_time": 0.06374859809875488,
        "encoding_time": 0.07046198844909668,
        "ms-ssim": 0.8997976183891296,
        "psnr": 26.750207901000977
    },
    "5": {
        "bpp": 0.08723958333333333,
        "decoding_time": 0.06861734390258789,
        "encoding_time": 0.06843924522399902,
        "ms-ssim": 0.9451524615287781,
        "psnr": 28.909870147705078
    },
    "6": {
        "bpp": 0.14542643229166666,
        "decoding_time": 0.06900453567504883,
        "encoding_time": 0.0717628002166748,
        "ms-ssim": 0.9047707915306091,
        "psnr": 24.191123962402344
    },
    "7": {
        "bpp": 0.2158203125,
        "decoding_time": 0.07025599479675293,
        "encoding_time": 0.0696859359741211,
        "ms-ssim": 0.9273184537887573,
        "psnr": 22.78178596496582
    },
    "8": {
        "bpp": 0.076416015625,
        "decoding_time": 0.06855988502502441,
        "encoding_time": 0.06534194946289062,
        "ms-ssim": 0.9355327486991882,
        "psnr": 29.866392135620117
    },
    "9": {
        "bpp": 0.14485677083333334,
        "decoding_time": 0.06594109535217285,
        "encoding_time": 0.06920981407165527,
        "ms-ssim": 0.8893111944198608,
        "psnr": 25.241701126098633
    },
    "10": {
        "bpp": 0.12565104166666666,
        "decoding_time": 0.06845211982727051,
        "encoding_time": 0.06731748580932617,
        "ms-ssim": 0.9298841953277588,
        "psnr": 26.13832664489746
    },
    "11": {
        "bpp": 0.08650716145833333,
        "decoding_time": 0.07142877578735352,
        "encoding_time": 0.06774187088012695,
        "ms-ssim": 0.9261525869369507,
        "psnr": 28.42292022705078
    },
    "12": {
        "bpp": 0.20263671875,
        "decoding_time": 0.06919240951538086,
        "encoding_time": 0.07299923896789551,
        "ms-ssim": 0.9132522344589233,
        "psnr": 23.694013595581055
    },
    "13": {
        "bpp": 0.07796223958333333,
        "decoding_time": 0.0671234130859375,
        "encoding_time": 0.0694890022277832,
        "ms-ssim": 0.9412579536437988,
        "psnr": 30.121681213378906
    },
    "14": {
        "bpp": 0.09464518229166667,
        "decoding_time": 0.06536650657653809,
        "encoding_time": 0.06784439086914062,
        "ms-ssim": 0.930381715297699,
        "psnr": 28.71251106262207
    },
    "15": {
        "bpp": 0.11653645833333333,
        "decoding_time": 0.0682220458984375,
        "encoding_time": 0.07002592086791992,
        "ms-ssim": 0.8980464339256287,
        "psnr": 26.68622398376465
    },
    "16": {
        "bpp": 0.080810546875,
        "decoding_time": 0.06626510620117188,
        "encoding_time": 0.07125043869018555,
        "ms-ssim": 0.8819633722305298,
        "psnr": 28.561731338500977
    },
    "17": {
        "bpp": 0.19376627604166666,
        "decoding_time": 0.0683298110961914,
        "encoding_time": 0.06810426712036133,
        "ms-ssim": 0.8642308115959167,
        "psnr": 21.90531349182129
    },
    "18": {
        "bpp": 0.08976236979166667,
        "decoding_time": 0.07331609725952148,
        "encoding_time": 0.06999421119689941,
        "ms-ssim": 0.9486863017082214,
        "psnr": 29.356937408447266
    },
    "19": {
        "bpp": 0.10880533854166667,
        "decoding_time": 0.06807351112365723,
        "encoding_time": 0.08534574508666992,
        "ms-ssim": 0.8765167593955994,
        "psnr": 27.066205978393555
    },
    "20": {
        "bpp": 0.11783854166666667,
        "decoding_time": 0.07041215896606445,
        "encoding_time": 0.06862759590148926,
        "ms-ssim": 0.9498846530914307,
        "psnr": 28.55322265625
    },
    "21": {
        "bpp": 0.1416015625,
        "decoding_time": 0.06568455696105957,
        "encoding_time": 0.0694887638092041,
        "ms-ssim": 0.8894060850143433,
        "psnr": 25.026718139648438
    },
    "22": {
        "bpp": 0.12980143229166666,
        "decoding_time": 0.07084941864013672,
        "encoding_time": 0.06546950340270996,
        "ms-ssim": 0.8840621709823608,
        "psnr": 25.415016174316406
    },
    "23": {
        "bpp": 0.18440755208333334,
        "decoding_time": 0.0698862075805664,
        "encoding_time": 0.06590509414672852,
        "ms-ssim": 0.9067613482475281,
        "psnr": 24.690786361694336
    }
}