{
    "0": {
        "bpp": 0.07902018229166667,
        "decoding_time": 0.08025050163269043,
        "encoding_time": 0.7905182838439941,
        "ms-ssim": 0.8920201063156128,
        "psnr": 27.821218490600586
    },
    "1": {
        "bpp": 0.087646484375,
        "decoding_time": 0.07192373275756836,
        "encoding_time": 0.06940293312072754,
        "ms-ssim": 0.8961068391799927,
        "psnr": 28.6413516998291
    },
    "2": {
        "bpp": 0.08447265625,
        "decoding_time": 0.06801342964172363,
        "encoding_time": 0.06555986404418945,
        "ms-ssim": 0.9093071222305298,
        "psnr": 29.7858829498291
    },
    "3": {
        "bpp": 0.09391276041666667,
        "decoding_time": 0.07032060623168945,
        "encoding_time": 0.07008934020996094,
        "ms-ssim": 0.9295870661735535,
        "psnr": 28.372581481933594
    },
    "4": {
        "bpp": 0.11018880208333333,
        "decoding_time": 0.07122230529785156,
        "encoding_time": 0.06603717803955078,
        "ms-ssim": 0.8998903036117554,
        "psnr": 26.736360549926758
    },
    "5": {
        "bpp": 0.08797200520833333,
        "decoding_time": 0.07143759727478027,
        "encoding_time": 0.0697019100189209,
        "ms-ssim": 0.9456104040145874,
        "psnr": 28.99152946472168
    },
    "6": {
        "bpp": 0.14510091145833334,
        "decoding_time": 0.07057619094848633,
        "encoding_time": 0.0706930160522461,
        "ms-ssim": 0.9050387740135193,
        "psnr": 24.196693420410156
    },
    "7": {
        "bpp": 0.21516927083333334,
        "decoding_time": 0.06837987899780273,
        "encoding_time": 0.06534528732299805,
        "ms-ssim": 0.9273564219474792,
        "psnr": 22.745624542236328
    },
    "8": {
        "bpp": 0.07649739583333333,
        "decoding_time": 0.057893991470336914,
        "encoding_time": 0.06284785270690918,
        "ms-ssim": 0.9352821111679077,
        "psnr": 29.830537796020508
    },
    "9": {
        "bpp": 0.14444986979166666,
        "decoding_time": 0.05852985382080078,
        "encoding_time": 0.06166982650756836,
        "ms-ssim": 0.8890022039413452,
        "psnr": 25.216434478759766
    },
    "10": {
        "bpp": 0.12548828125,
        "decoding_time": 0.06046128273010254,
        "encoding_time": 0.06279230117797852,
        "ms-ssim": 0.9295238852500916,
        "psnr": 26.120311737060547
    },
    "11": {
        "bpp": 0.08610026041666667,
        "decoding_time": 0.0646967887878418,
        "encoding_time": 0.0643167495727539,
        "ms-ssim": 0.9262994527816772,
        "psnr": 28.40812873840332
    },
    "12": {
        "bpp": 0.20247395833333334,
        "decoding_time": 0.08725929260253906,
        "encoding_time": 0.06298542022705078,
        "ms-ssim": 0.9131439924240112,
        "psnr": 23.66520118713379
    },
    "13": {
        "bpp": 0.078125,
        "decoding_time": 0.06002449989318848,
        "encoding_time": 0.08543014526367188,
        "ms-ssim": 0.9411602020263672,
        "psnr": 30.10773468017578
    },
    "14": {
        "bpp": 0.09440104166666667,
        "decoding_time": 0.05903029441833496,
        "encoding_time": 0.0603330135345459,
        "ms-ssim": 0.930343508720398,
        "psnr": 28.715837478637695
    },
    "15": {
        "bpp": 0.11629231770833333,
        "decoding_time": 0.07264924049377441,
        "encoding_time": 0.08058643341064453,
        "ms-ssim": 0.897781252861023,
        "psnr": 26.667512893676758
    },
    "16": {
        "bpp": 0.080322265625,
        "decoding_time": 0.07010054588317871,
        "encoding_time": 0.06954455375671387,
        "ms-ssim": 0.8822728991508484,
        "psnr": 28.472396850585938
    },
    "17": {
        "bpp": 0.19352213541666666,
        "decoding_time": 0.07229304313659668,
        "encoding_time": 0.07003474235534668,
        "ms-ssim": 0.8640522360801697,
        "psnr": 21.899675369262695
    },
    "18": {
        "bpp": 0.08951822916666667,
        "decoding_time": 0.07056379318237305,
        "encoding_time": 0.06951713562011719,
        "ms-ssim": 0.9485089182853699,
        "psnr": 29.379192352294922
    },
    "19": {
        "bpp": 0.10872395833333333,
        "decoding_time": 0.07184648513793945,
        "encoding_time": 0.0676116943359375,
        "ms-ssim": 0.8764449954032898,
        "psnr": 27.06871795654297
    },
    "20": {
        "bpp": 0.11783854166666667,
        "decoding_time": 0.07375955581665039,
        "encoding_time": 0.0692291259765625,
        "ms-ssim": 0.9498118162155151,
        "psnr": 28.555578231811523
    },
    "21": {
        "bpp": 0.14111328125,
        "decoding_time": 0.10503768920898438,
        "encoding_time": 0.0715937614440918,
        "ms-ssim": 0.8892602324485779,
        "psnr": 25.013660430908203
    },
    "22": {
        "bpp": 0.12947591145833334,
        "decoding_time": 0.07573604583740234,
        "encoding_time": 0.08328938484191895,
        "ms-ssim": 0.8841840028762817,
        "psnr": 25.411148071289062
    },
    "23": {
        "bpp": 0.18359375,
        "decoding_time": 0.07039737701416016,
        "encoding_time": 0.08117008209228516,
        "ms-ssim": 0.9065017700195312,
        "psnr": 24.686237335205078
    }
}