{
    "0": {
        "bpp": 0.07869466145833333,
        "decoding_time": 0.06618452072143555,
        "encoding_time": 0.08373785018920898,
        "ms-ssim": 0.8918063640594482,
        "psnr": 27.800743103027344
    },
    "1": {
        "bpp": 0.08732096354166667,
        "decoding_time": 0.07030344009399414,
        "encoding_time": 0.06541109085083008,
        "ms-ssim": 0.8953524827957153,
        "psnr": 28.61983299255371
    },
    "2": {
        "bpp": 0.08430989583333333,
        "decoding_time": 0.07094764709472656,
        "encoding_time": 0.06868648529052734,
        "ms-ssim": 0.9094607830047607,
        "psnr": 29.782075881958008
    },
    "3": {
        "bpp": 0.09342447916666667,
        "decoding_time": 0.07045149803161621,
        "encoding_time": 0.07090616226196289,
        "ms-ssim": 0.9292511343955994,
        "psnr": 28.365306854248047
    },
    "4": {
        "bpp": 0.109375,
        "decoding_time": 0.06777119636535645,
        "encoding_time": 0.0683128833770752,
        "ms-ssim": 0.8991183638572693,
        "psnr": 26.70572280883789
    },
    "5": {
        "bpp": 0.08740234375,
        "decoding_time": 0.06701087951660156,
        "encoding_time": 0.07365202903747559,
        "ms-ssim": 0.9460132122039795,
        "psnr": 29.004175186157227
    },
    "6": {
        "bpp": 0.14436848958333334,
        "decoding_time": 0.072357177734375,
        "encoding_time": 0.06807684898376465,
        "ms-ssim": 0.9043008089065552,
        "psnr": 24.18428611755371
    },
    "7": {
        "bpp": 0.21468098958333334,
        "decoding_time": 0.07034111022949219,
        "encoding_time": 0.06943058967590332,
        "ms-ssim": 0.9270455241203308,
        "psnr": 22.764881134033203
    },
    "8": {
        "bpp": 0.07625325520833333,
        "decoding_time": 0.06813549995422363,
        "encoding_time": 0.06914329528808594,
        "ms-ssim": 0.9355489611625671,
        "psnr": 29.824687957763672
    },
    "9": {
        "bpp": 0.14388020833333334,
        "decoding_time": 0.06735515594482422,
        "encoding_time": 0.06758785247802734,
        "ms-ssim": 0.8884703516960144,
        "psnr": 25.219520568847656
    },
    "10": {
        "bpp": 0.124267578125,
        "decoding_time": 0.06565403938293457,
        "encoding_time": 0.06839394569396973,
        "ms-ssim": 0.9291613101959229,
        "psnr": 26.101531982421875
    },
    "11": {
        "bpp": 0.08610026041666667,
        "decoding_time": 0.07230377197265625,
        "encoding_time": 0.06676626205444336,
        "ms-ssim": 0.9263016581535339,
        "psnr": 28.44830894470215
    },
    "12": {
        "bpp": 0.20174153645833334,
        "decoding_time": 0.06570601463317871,
        "encoding_time": 0.06739258766174316,
        "ms-ssim": 0.912726104259491,
        "psnr": 23.67085838317871
    },
    "13": {
        "bpp": 0.07796223958333333,
        "decoding_time": 0.06699752807617188,
        "encoding_time": 0.0671548843383789,
        "ms-ssim": 0.9411282539367676,
        "psnr": 30.096630096435547
    },
    "14": {
        "bpp": 0.09391276041666667,
        "decoding_time": 0.06945633888244629,
        "encoding_time": 0.06955742835998535,
        "ms-ssim": 0.930627703666687,
        "psnr": 28.710968017578125
    },
    "15": {
        "bpp": 0.115966796875,
        "decoding_time": 0.06389093399047852,
        "encoding_time": 0.06732416152954102,
        "ms-ssim": 0.8977085947990417,
        "psnr": 26.657546997070312
    },
    "16": {
        "bpp": 0.080322265625,
        "decoding_time": 0.06920051574707031,
        "encoding_time": 0.0670473575592041,
        "ms-ssim": 0.8813849687576294,
        "psnr": 28.43683433532715
    },
    "17": {
        "bpp": 0.19278971354166666,
        "decoding_time": 0.06769371032714844,
        "encoding_time": 0.06787586212158203,
        "ms-ssim": 0.8632838726043701,
        "psnr": 21.894954681396484
    },
    "18": {
        "bpp": 0.0888671875,
        "decoding_time": 0.06960391998291016,
        "encoding_time": 0.0645294189453125,
        "ms-ssim": 0.9483709335327148,
        "psnr": 29.42289924621582
    },
    "19": {
        "bpp": 0.10823567708333333,
        "decoding_time": 0.06604790687561035,
        "encoding_time": 0.06879878044128418,
        "ms-ssim": 0.8755955100059509,
        "psnr": 27.039947509765625
    },
    "20": {
        "bpp": 0.11686197916666667,
        "decoding_time": 0.06541728973388672,
        "encoding_time": 0.06658029556274414,
        "ms-ssim": 0.9497517347335815,
        "psnr": 28.542898178100586
    },
    "21": {
        "bpp": 0.140380859375,
        "decoding_time": 0.0698246955871582,
        "encoding_time": 0.06900763511657715,
        "ms-ssim": 0.8884485960006714,
        "psnr": 25.001140594482422
    },
    "22": {
        "bpp": 0.12874348958333334,
        "decoding_time": 0.07063722610473633,
        "encoding_time": 0.06064748764038086,
        "ms-ssim": 0.88397216796875,
        "psnr": 25.402414321899414
    },
    "23": {
        "bpp": 0.18351236979166666,
        "decoding_time": 0.06801295280456543,
        "encoding_time": 0.06253528594970703,
        "ms-ssim": 0.905899167060852,
        "psnr": 24.6778564453125
    }
}