{
    "0": {
        "bpp": 0.07902018229166667,
        "decoding_time": 0.07816028594970703,
        "encoding_time": 0.08007550239562988,
        "ms-ssim": 0.8920201063156128,
        "psnr": 27.821218490600586
    },
    "1": {
        "bpp": 0.087646484375,
        "decoding_time": 0.06683778762817383,
        "encoding_time": 0.07372498512268066,
        "ms-ssim": 0.8961068391799927,
        "psnr": 28.6413516998291
    },
    "2": {
        "bpp": 0.08447265625,
        "decoding_time": 0.06987547874450684,
        "encoding_time": 0.07424020767211914,
        "ms-ssim": 0.9093071222305298,
        "psnr": 29.7858829498291
    },
    "3": {
        "bpp": 0.09391276041666667,
        "decoding_time": 0.07385754585266113,
        "encoding_time": 0.07601499557495117,
        "ms-ssim": 0.9295870661735535,
        "psnr": 28.372581481933594
    },
    "4": {
        "bpp": 0.11018880208333333,
        "decoding_time": 0.06980395317077637,
        "encoding_time": 0.07321023941040039,
        "ms-ssim": 0.8998903036117554,
        "psnr": 26.736360549926758
    },
    "5": {
        "bpp": 0.08797200520833333,
        "decoding_time": 0.07951068878173828,
        "encoding_time": 0.07476282119750977,
        "ms-ssim": 0.9456104040145874,
        "psnr": 28.99152946472168
    },
    "6": {
        "bpp": 0.14510091145833334,
        "decoding_time": 0.08477592468261719,
        "encoding_time": 0.07489895820617676,
        "ms-ssim": 0.9050387740135193,
        "psnr": 24.196693420410156
    },
    "7": {
        "bpp": 0.21516927083333334,
        "decoding_time": 0.07253789901733398,
        "encoding_time": 0.07380270957946777,
        "ms-ssim": 0.9273564219474792,
        "psnr": 22.745624542236328
    },
    "8": {
        "bpp": 0.07649739583333333,
        "decoding_time": 0.07112836837768555,
        "encoding_time": 0.07845902442932129,
        "ms-ssim": 0.9352821111679077,
        "psnr": 29.830537796020508
    },
    "9": {
        "bpp": 0.14444986979166666,
        "decoding_time": 0.07180070877075195,
        "encoding_time": 0.07233715057373047,
        "ms-ssim": 0.8890022039413452,
        "psnr": 25.216434478759766
    },
    "10": {
        "bpp": 0.12548828125,
        "decoding_time": 0.07046771049499512,
        "encoding_time": 0.07796478271484375,
        "ms-ssim": 0.9295238852500916,
        "psnr": 26.120311737060547
    },
    "11": {
        "bpp": 0.08610026041666667,
        "decoding_time": 0.07201623916625977,
        "encoding_time": 0.07722330093383789,
        "ms-ssim": 0.9262994527816772,
        "psnr": 28.40812873840332
    },
    "12": {
        "bpp": 0.20247395833333334,
        "decoding_time": 0.07146692276000977,
        "encoding_time": 0.07755732536315918,
        "ms-ssim": 0.9131439924240112,
        "psnr": 23.66520118713379
    },
    "13": {
        "bpp": 0.078125,
        "decoding_time": 0.07832932472229004,
        "encoding_time": 0.07287025451660156,
        "ms-ssim": 0.9411602020263672,
        "psnr": 30.10773468017578
    },
    "14": {
        "bpp": 0.09440104166666667,
        "decoding_time": 0.06850385665893555,
        "encoding_time": 0.07468223571777344,
        "ms-ssim": 0.930343508720398,
        "psnr": 28.715837478637695
    },
    "15": {
        "bpp": 0.11629231770833333,
        "decoding_time": 0.07641935348510742,
        "encoding_time": 0.07322239875793457,
        "ms-ssim": 0.897781252861023,
        "psnr": 26.667512893676758
    },
    "16": {
        "bpp": 0.080322265625,
        "decoding_time": 0.0689539909362793,
        "encoding_time": 0.07100558280944824,
        "ms-ssim": 0.8822728991508484,
        "psnr": 28.472396850585938
    },
    "17": {
        "bpp": 0.19352213541666666,
        "decoding_time": 0.0726921558380127,
        "encoding_time": 0.07359886169433594,
        "ms-ssim": 0.8640522360801697,
        "psnr": 21.899675369262695
    },
    "18": {
        "bpp": 0.08951822916666667,
        "decoding_time": 0.07243871688842773,
        "encoding_time": 0.07420086860656738,
        "ms-ssim": 0.9485089182853699,
        "psnr": 29.379192352294922
    },
    "19": {
        "bpp": 0.10872395833333333,
        "decoding_time": 0.07059240341186523,
        "encoding_time": 0.07675480842590332,
        "ms-ssim": 0.8764449954032898,
        "psnr": 27.06871795654297
    },
    "20": {
        "bpp": 0.11783854166666667,
        "decoding_time": 0.07199835777282715,
        "encoding_time": 0.07554388046264648,
        "ms-ssim": 0.9498118162155151,
        "psnr": 28.555578231811523
    },
    "21": {
        "bpp": 0.14111328125,
        "decoding_time": 0.06898975372314453,
        "encoding_time": 0.08394050598144531,
        "ms-ssim": 0.8892602324485779,
        "psnr": 25.013660430908203
    },
    "22": {
        "bpp": 0.12947591145833334,
        "decoding_time": 0.06671738624572754,
        "encoding_time": 0.07657527923583984,
        "ms-ssim": 0.8841840028762817,
        "psnr": 25.411148071289062
    },
    "23": {
        "bpp": 0.18359375,
        "decoding_time": 0.06788134574890137,
        "encoding_time": 0.06494998931884766,
        "ms-ssim": 0.9065017700195312,
        "psnr": 24.686237335205078
    }
}