{
    "0": {
        "bpp": 0.4471028645833333,
        "decoding_time": 0.2508575916290283,
        "encoding_time": 0.2670552730560303,
        "ms-ssim": 0.9831494688987732,
        "psnr": 35.32439422607422
    },
    "1": {
        "bpp": 0.393798828125,
        "decoding_time": 0.24948334693908691,
        "encoding_time": 0.2494947910308838,
        "ms-ssim": 0.9804491996765137,
        "psnr": 35.336402893066406
    },
    "2": {
        "bpp": 0.3246256510416667,
        "decoding_time": 0.26516246795654297,
        "encoding_time": 0.23379158973693848,
        "ms-ssim": 0.9799197912216187,
        "psnr": 36.644927978515625
    },
    "3": {
        "bpp": 0.384765625,
        "decoding_time": 0.2599222660064697,
        "encoding_time": 0.23319435119628906,
        "ms-ssim": 0.9862253665924072,
        "psnr": 35.42277526855469
    },
    "4": {
        "bpp": 0.4969889322916667,
        "decoding_time": 0.24929332733154297,
        "encoding_time": 0.23221898078918457,
        "ms-ssim": 0.9817456007003784,
        "psnr": 34.31958770751953
    },
    "5": {
        "bpp": 0.3185221354166667,
        "decoding_time": 0.2556476593017578,
        "encoding_time": 0.23322463035583496,
        "ms-ssim": 0.9869379997253418,
        "psnr": 35.9388427734375
    },
    "6": {
        "bpp": 0.6931966145833334,
        "decoding_time": 0.26633334159851074,
        "encoding_time": 0.23717355728149414,
        "ms-ssim": 0.9867022037506104,
        "psnr": 31.465110778808594
    },
    "7": {
        "bpp": 0.885986328125,
        "decoding_time": 0.2409682273864746,
        "encoding_time": 0.2258143424987793,
        "ms-ssim": 0.989175021648407,
        "psnr": 31.571470260620117
    },
    "8": {
        "bpp": 0.27685546875,
        "decoding_time": 0.22954416275024414,
        "encoding_time": 0.2251758575439453,
        "ms-ssim": 0.9865989089012146,
        "psnr": 37.60863494873047
    },
    "9": {
        "bpp": 0.7425130208333334,
        "decoding_time": 0.23286938667297363,
        "encoding_time": 0.2277848720550537,
        "ms-ssim": 0.9847946166992188,
        "psnr": 33.053565979003906
    },
    "10": {
        "bpp": 0.5367024739583334,
        "decoding_time": 0.23241162300109863,
        "encoding_time": 0.21971964836120605,
        "ms-ssim": 0.9847877025604248,
        "psnr": 33.167991638183594
    },
    "11": {
        "bpp": 0.3575032552083333,
        "decoding_time": 0.2349536418914795,
        "encoding_time": 0.2204599380493164,
        "ms-ssim": 0.9824823141098022,
        "psnr": 35.26011276245117
    },
    "12": {
        "bpp": 0.8824055989583334,
        "decoding_time": 0.23970890045166016,
        "encoding_time": 0.22569799423217773,
        "ms-ssim": 0.9898549318313599,
        "psnr": 32.730472564697266
    },
    "13": {
        "bpp": 0.23982747395833334,
        "decoding_time": 0.22360897064208984,
        "encoding_time": 0.22430706024169922,
        "ms-ssim": 0.9868069887161255,
        "psnr": 37.823516845703125
    },
    "14": {
        "bpp": 0.325439453125,
        "decoding_time": 0.22204160690307617,
        "encoding_time": 0.21366047859191895,
        "ms-ssim": 0.9867600798606873,
        "psnr": 36.98724365234375
    },
    "15": {
        "bpp": 0.565185546875,
        "decoding_time": 0.22489237785339355,
        "encoding_time": 0.21885418891906738,
        "ms-ssim": 0.9821399450302124,
        "psnr": 33.76919174194336
    },
    "16": {
        "bpp": 0.39013671875,
        "decoding_time": 0.22203540802001953,
        "encoding_time": 0.21228361129760742,
        "ms-ssim": 0.9722029566764832,
        "psnr": 35.192665100097656
    },
    "17": {
        "bpp": 1.0585123697916667,
        "decoding_time": 0.22489714622497559,
        "encoding_time": 0.2145218849182129,
        "ms-ssim": 0.9800721406936646,
        "psnr": 28.101226806640625
    },
    "18": {
        "bpp": 0.2964680989583333,
        "decoding_time": 0.2225050926208496,
        "encoding_time": 0.2145380973815918,
        "ms-ssim": 0.9871343374252319,
        "psnr": 36.915382385253906
    },
    "19": {
        "bpp": 0.5547688802083334,
        "decoding_time": 0.24825000762939453,
        "encoding_time": 0.21376895904541016,
        "ms-ssim": 0.9767441749572754,
        "psnr": 33.511600494384766
    },
    "20": {
        "bpp": 0.368408203125,
        "decoding_time": 0.3242979049682617,
        "encoding_time": 0.2342371940612793,
        "ms-ssim": 0.992000937461853,
        "psnr": 37.36819076538086
    },
    "21": {
        "bpp": 0.699462890625,
        "decoding_time": 0.2509441375732422,
        "encoding_time": 0.28264427185058594,
        "ms-ssim": 0.9807422161102295,
        "psnr": 31.45816421508789
    },
    "22": {
        "bpp": 0.6446940104166666,
        "decoding_time": 0.25299811363220215,
        "encoding_time": 0.238295316696167,
        "ms-ssim": 0.9829964637756348,
        "psnr": 32.91996765136719
    },
    "23": {
        "bpp": 0.84423828125,
        "decoding_time": 0.2536747455596924,
        "encoding_time": 0.269364595413208,
        "ms-ssim": 0.9861890077590942,
        "psnr": 31.448379516601562
    }
}