{
    "0": {
        "bpp": 0.4462076822916667,
        "decoding_time": 0.26320838928222656,
        "encoding_time": 0.29201602935791016,
        "ms-ssim": 0.9832484126091003,
        "psnr": 35.35200881958008
    },
    "1": {
        "bpp": 0.3893229166666667,
        "decoding_time": 0.2630188465118408,
        "encoding_time": 0.2512083053588867,
        "ms-ssim": 0.9802801012992859,
        "psnr": 35.18770980834961
    },
    "2": {
        "bpp": 0.3226725260416667,
        "decoding_time": 0.251894474029541,
        "encoding_time": 0.25011634826660156,
        "ms-ssim": 0.9798333048820496,
        "psnr": 36.46335983276367
    },
    "3": {
        "bpp": 0.379638671875,
        "decoding_time": 0.2750265598297119,
        "encoding_time": 0.2439403533935547,
        "ms-ssim": 0.9860162138938904,
        "psnr": 35.38631820678711
    },
    "4": {
        "bpp": 0.494873046875,
        "decoding_time": 0.25391244888305664,
        "encoding_time": 0.2368311882019043,
        "ms-ssim": 0.9815945029258728,
        "psnr": 34.31187438964844
    },
    "5": {
        "bpp": 0.3164876302083333,
        "decoding_time": 0.28943729400634766,
        "encoding_time": 0.2480323314666748,
        "ms-ssim": 0.9869529604911804,
        "psnr": 35.87512969970703
    },
    "6": {
        "bpp": 0.6891276041666666,
        "decoding_time": 0.27719664573669434,
        "encoding_time": 0.2499856948852539,
        "ms-ssim": 0.9866527915000916,
        "psnr": 31.45486831665039
    },
    "7": {
        "bpp": 0.8839518229166666,
        "decoding_time": 0.3099977970123291,
        "encoding_time": 0.23514866828918457,
        "ms-ssim": 0.9891292452812195,
        "psnr": 31.546630859375
    },
    "8": {
        "bpp": 0.2734375,
        "decoding_time": 0.2814009189605713,
        "encoding_time": 0.2652435302734375,
        "ms-ssim": 0.9863969683647156,
        "psnr": 37.429664611816406
    },
    "9": {
        "bpp": 0.7403157552083334,
        "decoding_time": 0.27905893325805664,
        "encoding_time": 0.2507307529449463,
        "ms-ssim": 0.9847397208213806,
        "psnr": 32.87548828125
    },
    "10": {
        "bpp": 0.5367838541666666,
        "decoding_time": 0.2332296371459961,
        "encoding_time": 0.2241356372833252,
        "ms-ssim": 0.9849621653556824,
        "psnr": 33.189598083496094
    },
    "11": {
        "bpp": 0.354248046875,
        "decoding_time": 0.24025344848632812,
        "encoding_time": 0.23758840560913086,
        "ms-ssim": 0.9821934103965759,
        "psnr": 35.09760665893555
    },
    "12": {
        "bpp": 0.8783365885416666,
        "decoding_time": 0.2874159812927246,
        "encoding_time": 0.2769780158996582,
        "ms-ssim": 0.989836573600769,
        "psnr": 32.64915084838867
    },
    "13": {
        "bpp": 0.23746744791666666,
        "decoding_time": 0.2783191204071045,
        "encoding_time": 0.26927828788757324,
        "ms-ssim": 0.9867979884147644,
        "psnr": 37.68034362792969
    },
    "14": {
        "bpp": 0.3212890625,
        "decoding_time": 0.2870926856994629,
        "encoding_time": 0.2506141662597656,
        "ms-ssim": 0.9867545962333679,
        "psnr": 36.95256805419922
    },
    "15": {
        "bpp": 0.5642903645833334,
        "decoding_time": 0.25025105476379395,
        "encoding_time": 0.23174476623535156,
        "ms-ssim": 0.9822250604629517,
        "psnr": 33.73705291748047
    },
    "16": {
        "bpp": 0.387451171875,
        "decoding_time": 0.2525763511657715,
        "encoding_time": 0.24263739585876465,
        "ms-ssim": 0.9720558524131775,
        "psnr": 34.99150848388672
    },
    "17": {
        "bpp": 1.0621744791666667,
        "decoding_time": 0.27359843254089355,
        "encoding_time": 0.246124267578125,
        "ms-ssim": 0.9804064631462097,
        "psnr": 28.143632888793945
    },
    "18": {
        "bpp": 0.2952473958333333,
        "decoding_time": 0.2798960208892822,
        "encoding_time": 0.25962138175964355,
        "ms-ssim": 0.9871417284011841,
        "psnr": 36.8375358581543
    },
    "19": {
        "bpp": 0.5558268229166666,
        "decoding_time": 0.27931928634643555,
        "encoding_time": 0.24495935440063477,
        "ms-ssim": 0.9767258167266846,
        "psnr": 33.46596145629883
    },
    "20": {
        "bpp": 0.3634440104166667,
        "decoding_time": 0.27867865562438965,
        "encoding_time": 0.2534334659576416,
        "ms-ssim": 0.9919371604919434,
        "psnr": 37.2573127746582
    },
    "21": {
        "bpp": 0.6985677083333334,
        "decoding_time": 0.2853407859802246,
        "encoding_time": 0.2458944320678711,
        "ms-ssim": 0.980761706829071,
        "psnr": 31.469480514526367
    },
    "22": {
        "bpp": 0.6456705729166666,
        "decoding_time": 0.2930183410644531,
        "encoding_time": 0.2831904888153076,
        "ms-ssim": 0.9832973480224609,
        "psnr": 32.95897674560547
    },
    "23": {
        "bpp": 0.8462727864583334,
        "decoding_time": 0.2550327777862549,
        "encoding_time": 0.23140287399291992,
        "ms-ssim": 0.9861204028129578,
        "psnr": 31.41250228881836
    }
}