{
    "0": {
        "bpp": 0.48486328125,
        "decoding_time": 0.08284211158752441,
        "encoding_time": 0.08291816711425781,
        "ms-ssim": 0.9795204401016235,
        "psnr": 34.49229049682617
    },
    "1": {
        "bpp": 0.4591471354166667,
        "decoding_time": 0.08134818077087402,
        "encoding_time": 0.08337020874023438,
        "ms-ssim": 0.9755949974060059,
        "psnr": 34.48501968383789
    },
    "2": {
        "bpp": 0.388671875,
        "decoding_time": 0.07983160018920898,
        "encoding_time": 0.0738670825958252,
        "ms-ssim": 0.9762710928916931,
        "psnr": 35.620567321777344
    },
    "3": {
        "bpp": 0.4351399739583333,
        "decoding_time": 0.07925558090209961,
        "encoding_time": 0.07469296455383301,
        "ms-ssim": 0.9840318560600281,
        "psnr": 34.76122283935547
    },
    "4": {
        "bpp": 0.5714518229166666,
        "decoding_time": 0.07896065711975098,
        "encoding_time": 0.07412862777709961,
        "ms-ssim": 0.9791464805603027,
        "psnr": 33.54596710205078
    },
    "5": {
        "bpp": 0.4034016927083333,
        "decoding_time": 0.08014726638793945,
        "encoding_time": 0.07389211654663086,
        "ms-ssim": 0.9858912229537964,
        "psnr": 35.23103332519531
    },
    "6": {
        "bpp": 0.8019205729166666,
        "decoding_time": 0.08252239227294922,
        "encoding_time": 0.07451462745666504,
        "ms-ssim": 0.9839321970939636,
        "psnr": 31.00901985168457
    },
    "7": {
        "bpp": 1.0445963541666667,
        "decoding_time": 0.08626794815063477,
        "encoding_time": 0.07403802871704102,
        "ms-ssim": 0.9873666763305664,
        "psnr": 30.65340805053711
    },
    "8": {
        "bpp": 0.352294921875,
        "decoding_time": 0.07892131805419922,
        "encoding_time": 0.07314348220825195,
        "ms-ssim": 0.9834074378013611,
        "psnr": 36.26579284667969
    },
    "9": {
        "bpp": 0.8037923177083334,
        "decoding_time": 0.08213472366333008,
        "encoding_time": 0.07282400131225586,
        "ms-ssim": 0.9811125993728638,
        "psnr": 32.235626220703125
    },
    "10": {
        "bpp": 0.6215006510416666,
        "decoding_time": 0.08029532432556152,
        "encoding_time": 0.07281208038330078,
        "ms-ssim": 0.9835838675498962,
        "psnr": 33.05362319946289
    },
    "11": {
        "bpp": 0.428955078125,
        "decoding_time": 0.08119058609008789,
        "encoding_time": 0.07246899604797363,
        "ms-ssim": 0.9785603880882263,
        "psnr": 34.35210418701172
    },
    "12": {
        "bpp": 1.000732421875,
        "decoding_time": 0.09252309799194336,
        "encoding_time": 0.07491827011108398,
        "ms-ssim": 0.987523078918457,
        "psnr": 31.70083236694336
    },
    "13": {
        "bpp": 0.2899576822916667,
        "decoding_time": 0.07910728454589844,
        "encoding_time": 0.07366466522216797,
        "ms-ssim": 0.9847159385681152,
        "psnr": 36.79681396484375
    },
    "14": {
        "bpp": 0.404052734375,
        "decoding_time": 0.08011245727539062,
        "encoding_time": 0.08110284805297852,
        "ms-ssim": 0.9834465384483337,
        "psnr": 35.62563705444336
    },
    "15": {
        "bpp": 0.638427734375,
        "decoding_time": 0.08614873886108398,
        "encoding_time": 0.07404041290283203,
        "ms-ssim": 0.9794206023216248,
        "psnr": 33.14533615112305
    },
    "16": {
        "bpp": 0.4569498697916667,
        "decoding_time": 0.07967996597290039,
        "encoding_time": 0.07480168342590332,
        "ms-ssim": 0.9661287069320679,
        "psnr": 34.08885955810547
    },
    "17": {
        "bpp": 1.2040201822916667,
        "decoding_time": 0.08293509483337402,
        "encoding_time": 0.07350373268127441,
        "ms-ssim": 0.9811819791793823,
        "psnr": 28.622638702392578
    },
    "18": {
        "bpp": 0.3604329427083333,
        "decoding_time": 0.07708287239074707,
        "encoding_time": 0.07208609580993652,
        "ms-ssim": 0.9856492280960083,
        "psnr": 36.017372131347656
    },
    "19": {
        "bpp": 0.6302083333333334,
        "decoding_time": 0.07920002937316895,
        "encoding_time": 0.07317519187927246,
        "ms-ssim": 0.9736456871032715,
        "psnr": 33.06889343261719
    },
    "20": {
        "bpp": 0.4610188802083333,
        "decoding_time": 0.07662749290466309,
        "encoding_time": 0.07039237022399902,
        "ms-ssim": 0.9896756410598755,
        "psnr": 35.85023880004883
    },
    "21": {
        "bpp": 0.7884114583333334,
        "decoding_time": 0.08696222305297852,
        "encoding_time": 0.07304120063781738,
        "ms-ssim": 0.9793158769607544,
        "psnr": 31.471656799316406
    },
    "22": {
        "bpp": 0.7215169270833334,
        "decoding_time": 0.07813334465026855,
        "encoding_time": 0.07043313980102539,
        "ms-ssim": 0.9804381132125854,
        "psnr": 32.620113372802734
    },
    "23": {
        "bpp": 0.9723307291666666,
        "decoding_time": 0.08010387420654297,
        "encoding_time": 0.07182931900024414,
        "ms-ssim": 0.9848389625549316,
        "psnr": 31.434309005737305
    }
}