{
    "0": {
        "bpp": 0.5061848958333334,
        "decoding_time": 0.1013038158416748,
        "encoding_time": 0.09435272216796875,
        "ms-ssim": 0.9803716540336609,
        "psnr": 34.589256286621094
    },
    "1": {
        "bpp": 0.479248046875,
        "decoding_time": 0.09306478500366211,
        "encoding_time": 0.09118175506591797,
        "ms-ssim": 0.9762479662895203,
        "psnr": 34.55481719970703
    },
    "2": {
        "bpp": 0.4081217447916667,
        "decoding_time": 0.09409666061401367,
        "encoding_time": 0.09425616264343262,
        "ms-ssim": 0.9769474267959595,
        "psnr": 35.70307540893555
    },
    "3": {
        "bpp": 0.4520670572916667,
        "decoding_time": 0.09178686141967773,
        "encoding_time": 0.08859634399414062,
        "ms-ssim": 0.9845917224884033,
        "psnr": 34.85833740234375
    },
    "4": {
        "bpp": 0.5926920572916666,
        "decoding_time": 0.09114480018615723,
        "encoding_time": 0.08933258056640625,
        "ms-ssim": 0.9795564413070679,
        "psnr": 33.580299377441406
    },
    "5": {
        "bpp": 0.4153645833333333,
        "decoding_time": 0.08858394622802734,
        "encoding_time": 0.08962583541870117,
        "ms-ssim": 0.9859727621078491,
        "psnr": 35.294769287109375
    },
    "6": {
        "bpp": 0.8246256510416666,
        "decoding_time": 0.0899209976196289,
        "encoding_time": 0.09048295021057129,
        "ms-ssim": 0.9844714403152466,
        "psnr": 31.08935546875
    },
    "7": {
        "bpp": 1.0699055989583333,
        "decoding_time": 0.08331084251403809,
        "encoding_time": 0.08322620391845703,
        "ms-ssim": 0.9875788688659668,
        "psnr": 30.674610137939453
    },
    "8": {
        "bpp": 0.3644205729166667,
        "decoding_time": 0.08885931968688965,
        "encoding_time": 0.0975496768951416,
        "ms-ssim": 0.9838179349899292,
        "psnr": 36.3380126953125
    },
    "9": {
        "bpp": 0.8299153645833334,
        "decoding_time": 0.10261416435241699,
        "encoding_time": 0.08972620964050293,
        "ms-ssim": 0.9815707206726074,
        "psnr": 32.31757354736328
    },
    "10": {
        "bpp": 0.637939453125,
        "decoding_time": 0.0942678451538086,
        "encoding_time": 0.09105849266052246,
        "ms-ssim": 0.9839140772819519,
        "psnr": 33.10260772705078
    },
    "11": {
        "bpp": 0.4462890625,
        "decoding_time": 0.08907771110534668,
        "encoding_time": 0.08892083168029785,
        "ms-ssim": 0.978978157043457,
        "psnr": 34.39772033691406
    },
    "12": {
        "bpp": 1.022705078125,
        "decoding_time": 0.0967719554901123,
        "encoding_time": 0.09007620811462402,
        "ms-ssim": 0.98790442943573,
        "psnr": 31.770357131958008
    },
    "13": {
        "bpp": 0.2992350260416667,
        "decoding_time": 0.08618354797363281,
        "encoding_time": 0.09779977798461914,
        "ms-ssim": 0.9849226474761963,
        "psnr": 36.84091567993164
    },
    "14": {
        "bpp": 0.4193522135416667,
        "decoding_time": 0.08744645118713379,
        "encoding_time": 0.08691811561584473,
        "ms-ssim": 0.9840323328971863,
        "psnr": 35.75627517700195
    },
    "15": {
        "bpp": 0.6626790364583334,
        "decoding_time": 0.08606600761413574,
        "encoding_time": 0.09435391426086426,
        "ms-ssim": 0.9798499345779419,
        "psnr": 33.211368560791016
    },
    "16": {
        "bpp": 0.4808756510416667,
        "decoding_time": 0.08972382545471191,
        "encoding_time": 0.08436799049377441,
        "ms-ssim": 0.9661561846733093,
        "psnr": 34.129859924316406
    },
    "17": {
        "bpp": 1.2322591145833333,
        "decoding_time": 0.09321069717407227,
        "encoding_time": 0.08784770965576172,
        "ms-ssim": 0.9814895987510681,
        "psnr": 28.658355712890625
    },
    "18": {
        "bpp": 0.37158203125,
        "decoding_time": 0.08379888534545898,
        "encoding_time": 0.08574509620666504,
        "ms-ssim": 0.9859614372253418,
        "psnr": 36.111873626708984
    },
    "19": {
        "bpp": 0.656982421875,
        "decoding_time": 0.09483838081359863,
        "encoding_time": 0.0912010669708252,
        "ms-ssim": 0.9744197130203247,
        "psnr": 33.14016342163086
    },
    "20": {
        "bpp": 0.472900390625,
        "decoding_time": 0.08542442321777344,
        "encoding_time": 0.0851898193359375,
        "ms-ssim": 0.9900869131088257,
        "psnr": 35.949493408203125
    },
    "21": {
        "bpp": 0.8124186197916666,
        "decoding_time": 0.10620903968811035,
        "encoding_time": 0.09483146667480469,
        "ms-ssim": 0.9797892570495605,
        "psnr": 31.52260398864746
    },
    "22": {
        "bpp": 0.7438151041666666,
        "decoding_time": 0.0887293815612793,
        "encoding_time": 0.09135675430297852,
        "ms-ssim": 0.9807944297790527,
        "psnr": 32.66638946533203
    },
    "23": {
        "bpp": 0.9984537760416666,
        "decoding_time": 0.09072017669677734,
        "encoding_time": 0.0885934829711914,
        "ms-ssim": 0.9851675033569336,
        "psnr": 31.512662887573242
    }
}