{
    "0": {
        "bpp": 0.0791015625,
        "decoding_time": 0.06684684753417969,
        "encoding_time": 0.0788125991821289,
        "ms-ssim": 0.8923240900039673,
        "psnr": 27.81187629699707
    },
    "1": {
        "bpp": 0.08740234375,
        "decoding_time": 0.06430745124816895,
        "encoding_time": 0.0655364990234375,
        "ms-ssim": 0.8959733247756958,
        "psnr": 28.63641357421875
    },
    "2": {
        "bpp": 0.083984375,
        "decoding_time": 0.06464576721191406,
        "encoding_time": 0.06442618370056152,
        "ms-ssim": 0.9093620181083679,
        "psnr": 29.785812377929688
    },
    "3": {
        "bpp": 0.09375,
        "decoding_time": 0.06495499610900879,
        "encoding_time": 0.0675971508026123,
        "ms-ssim": 0.9301089644432068,
        "psnr": 28.394723892211914
    },
    "4": {
        "bpp": 0.109619140625,
        "decoding_time": 0.06464028358459473,
        "encoding_time": 0.07175970077514648,
        "ms-ssim": 0.8998326063156128,
        "psnr": 26.70188331604004
    },
    "5": {
        "bpp": 0.08723958333333333,
        "decoding_time": 0.07056641578674316,
        "encoding_time": 0.06600737571716309,
        "ms-ssim": 0.9459218382835388,
        "psnr": 28.96824073791504
    },
    "6": {
        "bpp": 0.14485677083333334,
        "decoding_time": 0.06651020050048828,
        "encoding_time": 0.06921505928039551,
        "ms-ssim": 0.9048000574111938,
        "psnr": 24.185821533203125
    },
    "7": {
        "bpp": 0.21516927083333334,
        "decoding_time": 0.06702685356140137,
        "encoding_time": 0.0684504508972168,
        "ms-ssim": 0.9270731806755066,
        "psnr": 22.744312286376953
    },
    "8": {
        "bpp": 0.07666015625,
        "decoding_time": 0.06459879875183105,
        "encoding_time": 0.06626462936401367,
        "ms-ssim": 0.9355055689811707,
        "psnr": 29.834444046020508
    },
    "9": {
        "bpp": 0.144287109375,
        "decoding_time": 0.06696414947509766,
        "encoding_time": 0.06789565086364746,
        "ms-ssim": 0.889405369758606,
        "psnr": 25.21797752380371
    },
    "10": {
        "bpp": 0.12491861979166667,
        "decoding_time": 0.06605887413024902,
        "encoding_time": 0.06720733642578125,
        "ms-ssim": 0.9296669363975525,
        "psnr": 26.111236572265625
    },
    "11": {
        "bpp": 0.086181640625,
        "decoding_time": 0.06401419639587402,
        "encoding_time": 0.06470465660095215,
        "ms-ssim": 0.9266021251678467,
        "psnr": 28.447391510009766
    },
    "12": {
        "bpp": 0.202392578125,
        "decoding_time": 0.07010436058044434,
        "encoding_time": 0.06627345085144043,
        "ms-ssim": 0.9133542776107788,
        "psnr": 23.678691864013672
    },
    "13": {
        "bpp": 0.07796223958333333,
        "decoding_time": 0.06530117988586426,
        "encoding_time": 0.06457972526550293,
        "ms-ssim": 0.9413465261459351,
        "psnr": 30.112224578857422
    },
    "14": {
        "bpp": 0.09423828125,
        "decoding_time": 0.0652306079864502,
        "encoding_time": 0.06627583503723145,
        "ms-ssim": 0.9308325052261353,
        "psnr": 28.707304000854492
    },
    "15": {
        "bpp": 0.11629231770833333,
        "decoding_time": 0.06631875038146973,
        "encoding_time": 0.06524062156677246,
        "ms-ssim": 0.8982884883880615,
        "psnr": 26.664785385131836
    },
    "16": {
        "bpp": 0.080078125,
        "decoding_time": 0.06776142120361328,
        "encoding_time": 0.06662416458129883,
        "ms-ssim": 0.8825949430465698,
        "psnr": 28.473026275634766
    },
    "17": {
        "bpp": 0.19327799479166666,
        "decoding_time": 0.06625843048095703,
        "encoding_time": 0.06726217269897461,
        "ms-ssim": 0.8640076518058777,
        "psnr": 21.897594451904297
    },
    "18": {
        "bpp": 0.08870442708333333,
        "decoding_time": 0.06764054298400879,
        "encoding_time": 0.06435108184814453,
        "ms-ssim": 0.9484009742736816,
        "psnr": 29.372262954711914
    },
    "19": {
        "bpp": 0.10847981770833333,
        "decoding_time": 0.07120394706726074,
        "encoding_time": 0.06873250007629395,
        "ms-ssim": 0.8767420649528503,
        "psnr": 27.06011962890625
    },
    "20": {
        "bpp": 0.11751302083333333,
        "decoding_time": 0.06910419464111328,
        "encoding_time": 0.06789207458496094,
        "ms-ssim": 0.9506611824035645,
        "psnr": 28.583255767822266
    },
    "21": {
        "bpp": 0.14119466145833334,
        "decoding_time": 0.0707094669342041,
        "encoding_time": 0.0683131217956543,
        "ms-ssim": 0.889727771282196,
        "psnr": 25.018951416015625
    },
    "22": {
        "bpp": 0.12923177083333334,
        "decoding_time": 0.0650784969329834,
        "encoding_time": 0.06194710731506348,
        "ms-ssim": 0.8841627836227417,
        "psnr": 25.400421142578125
    },
    "23": {
        "bpp": 0.18416341145833334,
        "decoding_time": 0.06444406509399414,
        "encoding_time": 0.06086134910583496,
        "ms-ssim": 0.906486451625824,
        "psnr": 24.69171905517578
    }
}