{
    "0": {
        "bpp": 0.07902018229166667,
        "decoding_time": 0.06915068626403809,
        "encoding_time": 0.7682268619537354,
        "ms-ssim": 0.8920201063156128,
        "psnr": 27.821218490600586
    },
    "1": {
        "bpp": 0.087646484375,
        "decoding_time": 0.067535400390625,
        "encoding_time": 0.06512761116027832,
        "ms-ssim": 0.8961068391799927,
        "psnr": 28.6413516998291
    },
    "2": {
        "bpp": 0.08447265625,
        "decoding_time": 0.06685781478881836,
        "encoding_time": 0.06375932693481445,
        "ms-ssim": 0.9093071222305298,
        "psnr": 29.7858829498291
    },
    "3": {
        "bpp": 0.09391276041666667,
        "decoding_time": 0.06660652160644531,
        "encoding_time": 0.06545805931091309,
        "ms-ssim": 0.9295870661735535,
        "psnr": 28.372581481933594
    },
    "4": {
        "bpp": 0.11018880208333333,
        "decoding_time": 0.06350088119506836,
        "encoding_time": 0.06303739547729492,
        "ms-ssim": 0.8998903036117554,
        "psnr": 26.736360549926758
    },
    "5": {
        "bpp": 0.08797200520833333,
        "decoding_time": 0.06417369842529297,
        "encoding_time": 0.0648961067199707,
        "ms-ssim": 0.9456104040145874,
        "psnr": 28.99152946472168
    },
    "6": {
        "bpp": 0.14510091145833334,
        "decoding_time": 0.06472349166870117,
        "encoding_time": 0.06457734107971191,
        "ms-ssim": 0.9050387740135193,
        "psnr": 24.196693420410156
    },
    "7": {
        "bpp": 0.21516927083333334,
        "decoding_time": 0.0681314468383789,
        "encoding_time": 0.06498265266418457,
        "ms-ssim": 0.9273564219474792,
        "psnr": 22.745624542236328
    },
    "8": {
        "bpp": 0.07649739583333333,
        "decoding_time": 0.0646066665649414,
        "encoding_time": 0.06422567367553711,
        "ms-ssim": 0.9352821111679077,
        "psnr": 29.830537796020508
    },
    "9": {
        "bpp": 0.14444986979166666,
        "decoding_time": 0.05813145637512207,
        "encoding_time": 0.06657981872558594,
        "ms-ssim": 0.8890022039413452,
        "psnr": 25.216434478759766
    },
    "10": {
        "bpp": 0.12548828125,
        "decoding_time": 0.05545544624328613,
        "encoding_time": 0.0589756965637207,
        "ms-ssim": 0.9295238852500916,
        "psnr": 26.120311737060547
    },
    "11": {
        "bpp": 0.08610026041666667,
        "decoding_time": 0.05247020721435547,
        "encoding_time": 0.05507373809814453,
        "ms-ssim": 0.9262994527816772,
        "psnr": 28.40812873840332
    },
    "12": {
        "bpp": 0.20247395833333334,
        "decoding_time": 0.06747674942016602,
        "encoding_time": 0.05901980400085449,
        "ms-ssim": 0.9131439924240112,
        "psnr": 23.66520118713379
    },
    "13": {
        "bpp": 0.078125,
        "decoding_time": 0.06345582008361816,
        "encoding_time": 0.06476020812988281,
        "ms-ssim": 0.9411602020263672,
        "psnr": 30.10773468017578
    },
    "14": {
        "bpp": 0.09440104166666667,
        "decoding_time": 0.06423330307006836,
        "encoding_time": 0.06270003318786621,
        "ms-ssim": 0.930343508720398,
        "psnr": 28.715837478637695
    },
    "15": {
        "bpp": 0.11629231770833333,
        "decoding_time": 0.0682990550994873,
        "encoding_time": 0.06249284744262695,
        "ms-ssim": 0.897781252861023,
        "psnr": 26.667512893676758
    },
    "16": {
        "bpp": 0.080322265625,
        "decoding_time": 0.06810688972473145,
        "encoding_time": 0.06422710418701172,
        "ms-ssim": 0.8822728991508484,
        "psnr": 28.472396850585938
    },
    "17": {
        "bpp": 0.19352213541666666,
        "decoding_time": 0.06417703628540039,
        "encoding_time": 0.06356430053710938,
        "ms-ssim": 0.8640522360801697,
        "psnr": 21.899675369262695
    },
    "18": {
        "bpp": 0.08951822916666667,
        "decoding_time": 0.06848454475402832,
        "encoding_time": 0.06182670593261719,
        "ms-ssim": 0.9485089182853699,
        "psnr": 29.379192352294922
    },
    "19": {
        "bpp": 0.10872395833333333,
        "decoding_time": 0.06525897979736328,
        "encoding_time": 0.06280732154846191,
        "ms-ssim": 0.8764449954032898,
        "psnr": 27.06871795654297
    },
    "20": {
        "bpp": 0.11783854166666667,
        "decoding_time": 0.06468868255615234,
        "encoding_time": 0.06356191635131836,
        "ms-ssim": 0.9498118162155151,
        "psnr": 28.555578231811523
    },
    "21": {
        "bpp": 0.14111328125,
        "decoding_time": 0.07363772392272949,
        "encoding_time": 0.0642397403717041,
        "ms-ssim": 0.8892602324485779,
        "psnr": 25.013660430908203
    },
    "22": {
        "bpp": 0.12947591145833334,
        "decoding_time": 0.06254434585571289,
        "encoding_time": 0.060685157775878906,
        "ms-ssim": 0.8841840028762817,
        "psnr": 25.411148071289062
    },
    "23": {
        "bpp": 0.18359375,
        "decoding_time": 0.06241250038146973,
        "encoding_time": 0.0620427131652832,
        "ms-ssim": 0.9065017700195312,
        "psnr": 24.686237335205078
    }
}