{
    "0": {
        "bpp": 0.50390625,
        "decoding_time": 0.08670306205749512,
        "encoding_time": 0.10288691520690918,
        "ms-ssim": 0.9802755117416382,
        "psnr": 34.5887336730957
    },
    "1": {
        "bpp": 0.4772135416666667,
        "decoding_time": 0.08593153953552246,
        "encoding_time": 0.08355522155761719,
        "ms-ssim": 0.9762489199638367,
        "psnr": 34.54554748535156
    },
    "2": {
        "bpp": 0.4065755208333333,
        "decoding_time": 0.09081029891967773,
        "encoding_time": 0.0845482349395752,
        "ms-ssim": 0.9768602252006531,
        "psnr": 35.69485855102539
    },
    "3": {
        "bpp": 0.4510091145833333,
        "decoding_time": 0.08276820182800293,
        "encoding_time": 0.08449387550354004,
        "ms-ssim": 0.9845959544181824,
        "psnr": 34.85114669799805
    },
    "4": {
        "bpp": 0.5900065104166666,
        "decoding_time": 0.0773160457611084,
        "encoding_time": 0.0828700065612793,
        "ms-ssim": 0.9795808792114258,
        "psnr": 33.59457015991211
    },
    "5": {
        "bpp": 0.4144694010416667,
        "decoding_time": 0.07579541206359863,
        "encoding_time": 0.07862257957458496,
        "ms-ssim": 0.9861239194869995,
        "psnr": 35.29640579223633
    },
    "6": {
        "bpp": 0.8221842447916666,
        "decoding_time": 0.07915925979614258,
        "encoding_time": 0.07999920845031738,
        "ms-ssim": 0.9844177961349487,
        "psnr": 31.08100128173828
    },
    "7": {
        "bpp": 1.0658365885416667,
        "decoding_time": 0.08128929138183594,
        "encoding_time": 0.07630538940429688,
        "ms-ssim": 0.9875940084457397,
        "psnr": 30.700454711914062
    },
    "8": {
        "bpp": 0.3641764322916667,
        "decoding_time": 0.0752115249633789,
        "encoding_time": 0.07944536209106445,
        "ms-ssim": 0.9838645458221436,
        "psnr": 36.34975051879883
    },
    "9": {
        "bpp": 0.826904296875,
        "decoding_time": 0.07166600227355957,
        "encoding_time": 0.07772135734558105,
        "ms-ssim": 0.9815356135368347,
        "psnr": 32.320709228515625
    },
    "10": {
        "bpp": 0.635498046875,
        "decoding_time": 0.07742691040039062,
        "encoding_time": 0.08830642700195312,
        "ms-ssim": 0.9838511347770691,
        "psnr": 33.10442352294922
    },
    "11": {
        "bpp": 0.4444986979166667,
        "decoding_time": 0.07985281944274902,
        "encoding_time": 0.08206987380981445,
        "ms-ssim": 0.9789943695068359,
        "psnr": 34.39433670043945
    },
    "12": {
        "bpp": 1.0208333333333333,
        "decoding_time": 0.09524726867675781,
        "encoding_time": 0.0770273208618164,
        "ms-ssim": 0.987850546836853,
        "psnr": 31.764894485473633
    },
    "13": {
        "bpp": 0.298583984375,
        "decoding_time": 0.0857691764831543,
        "encoding_time": 0.08336496353149414,
        "ms-ssim": 0.9849303960800171,
        "psnr": 36.84322738647461
    },
    "14": {
        "bpp": 0.41796875,
        "decoding_time": 0.08671784400939941,
        "encoding_time": 0.08672356605529785,
        "ms-ssim": 0.9839459657669067,
        "psnr": 35.72867965698242
    },
    "15": {
        "bpp": 0.6593424479166666,
        "decoding_time": 0.08610796928405762,
        "encoding_time": 0.08338761329650879,
        "ms-ssim": 0.9797847270965576,
        "psnr": 33.20716857910156
    },
    "16": {
        "bpp": 0.4786783854166667,
        "decoding_time": 0.08413434028625488,
        "encoding_time": 0.08275866508483887,
        "ms-ssim": 0.9661483764648438,
        "psnr": 34.12548065185547
    },
    "17": {
        "bpp": 1.2294108072916667,
        "decoding_time": 0.08810091018676758,
        "encoding_time": 0.08372664451599121,
        "ms-ssim": 0.9814066290855408,
        "psnr": 28.667612075805664
    },
    "18": {
        "bpp": 0.370849609375,
        "decoding_time": 0.08260154724121094,
        "encoding_time": 0.08501148223876953,
        "ms-ssim": 0.985940158367157,
        "psnr": 36.10073471069336
    },
    "19": {
        "bpp": 0.6538899739583334,
        "decoding_time": 0.08674955368041992,
        "encoding_time": 0.08256840705871582,
        "ms-ssim": 0.9742870330810547,
        "psnr": 33.13301467895508
    },
    "20": {
        "bpp": 0.4711100260416667,
        "decoding_time": 0.08559870719909668,
        "encoding_time": 0.08332395553588867,
        "ms-ssim": 0.9900323748588562,
        "psnr": 35.935516357421875
    },
    "21": {
        "bpp": 0.809326171875,
        "decoding_time": 0.08736324310302734,
        "encoding_time": 0.08308625221252441,
        "ms-ssim": 0.97971510887146,
        "psnr": 31.52181625366211
    },
    "22": {
        "bpp": 0.7417805989583334,
        "decoding_time": 0.0886077880859375,
        "encoding_time": 0.08352303504943848,
        "ms-ssim": 0.9809179306030273,
        "psnr": 32.69066619873047
    },
    "23": {
        "bpp": 0.9950358072916666,
        "decoding_time": 0.07160639762878418,
        "encoding_time": 0.07696342468261719,
        "ms-ssim": 0.9851456880569458,
        "psnr": 31.49503517150879
    }
}