{
    "0": {
        "bpp": 0.5061848958333334,
        "decoding_time": 0.08232426643371582,
        "encoding_time": 0.0970613956451416,
        "ms-ssim": 0.9803716540336609,
        "psnr": 34.589256286621094
    },
    "1": {
        "bpp": 0.479248046875,
        "decoding_time": 0.08547639846801758,
        "encoding_time": 0.08357524871826172,
        "ms-ssim": 0.9762479662895203,
        "psnr": 34.55481719970703
    },
    "2": {
        "bpp": 0.4081217447916667,
        "decoding_time": 0.08399271965026855,
        "encoding_time": 0.07996869087219238,
        "ms-ssim": 0.9769474267959595,
        "psnr": 35.70307540893555
    },
    "3": {
        "bpp": 0.4520670572916667,
        "decoding_time": 0.08347415924072266,
        "encoding_time": 0.08050656318664551,
        "ms-ssim": 0.9845917224884033,
        "psnr": 34.85833740234375
    },
    "4": {
        "bpp": 0.5926920572916666,
        "decoding_time": 0.08608269691467285,
        "encoding_time": 0.08187341690063477,
        "ms-ssim": 0.9795564413070679,
        "psnr": 33.580299377441406
    },
    "5": {
        "bpp": 0.4153645833333333,
        "decoding_time": 0.08531308174133301,
        "encoding_time": 0.0813443660736084,
        "ms-ssim": 0.9859727621078491,
        "psnr": 35.294769287109375
    },
    "6": {
        "bpp": 0.8246256510416666,
        "decoding_time": 0.08828020095825195,
        "encoding_time": 0.08120489120483398,
        "ms-ssim": 0.9844714403152466,
        "psnr": 31.08935546875
    },
    "7": {
        "bpp": 1.0699055989583333,
        "decoding_time": 0.08769607543945312,
        "encoding_time": 0.08087015151977539,
        "ms-ssim": 0.9875788688659668,
        "psnr": 30.674610137939453
    },
    "8": {
        "bpp": 0.3644205729166667,
        "decoding_time": 0.08381199836730957,
        "encoding_time": 0.07943534851074219,
        "ms-ssim": 0.9838179349899292,
        "psnr": 36.3380126953125
    },
    "9": {
        "bpp": 0.8299153645833334,
        "decoding_time": 0.08741164207458496,
        "encoding_time": 0.08387184143066406,
        "ms-ssim": 0.9815707206726074,
        "psnr": 32.31757354736328
    },
    "10": {
        "bpp": 0.637939453125,
        "decoding_time": 0.07904839515686035,
        "encoding_time": 0.07939028739929199,
        "ms-ssim": 0.9839140772819519,
        "psnr": 33.10260772705078
    },
    "11": {
        "bpp": 0.4462890625,
        "decoding_time": 0.07901573181152344,
        "encoding_time": 0.08174371719360352,
        "ms-ssim": 0.978978157043457,
        "psnr": 34.39772033691406
    },
    "12": {
        "bpp": 1.022705078125,
        "decoding_time": 0.07573556900024414,
        "encoding_time": 0.0730295181274414,
        "ms-ssim": 0.98790442943573,
        "psnr": 31.770357131958008
    },
    "13": {
        "bpp": 0.2992350260416667,
        "decoding_time": 0.07076764106750488,
        "encoding_time": 0.07381868362426758,
        "ms-ssim": 0.9849226474761963,
        "psnr": 36.84091567993164
    },
    "14": {
        "bpp": 0.4193522135416667,
        "decoding_time": 0.07930493354797363,
        "encoding_time": 0.0761418342590332,
        "ms-ssim": 0.9840323328971863,
        "psnr": 35.75627517700195
    },
    "15": {
        "bpp": 0.6626790364583334,
        "decoding_time": 0.07487082481384277,
        "encoding_time": 0.07269501686096191,
        "ms-ssim": 0.9798499345779419,
        "psnr": 33.211368560791016
    },
    "16": {
        "bpp": 0.4808756510416667,
        "decoding_time": 0.07195186614990234,
        "encoding_time": 0.07116103172302246,
        "ms-ssim": 0.9661561846733093,
        "psnr": 34.129859924316406
    },
    "17": {
        "bpp": 1.2322591145833333,
        "decoding_time": 0.07901859283447266,
        "encoding_time": 0.0714864730834961,
        "ms-ssim": 0.9814895987510681,
        "psnr": 28.658355712890625
    },
    "18": {
        "bpp": 0.37158203125,
        "decoding_time": 0.09453368186950684,
        "encoding_time": 0.07387304306030273,
        "ms-ssim": 0.9859614372253418,
        "psnr": 36.111873626708984
    },
    "19": {
        "bpp": 0.656982421875,
        "decoding_time": 0.08809018135070801,
        "encoding_time": 0.08537602424621582,
        "ms-ssim": 0.9744197130203247,
        "psnr": 33.14016342163086
    },
    "20": {
        "bpp": 0.472900390625,
        "decoding_time": 0.08509159088134766,
        "encoding_time": 0.08373904228210449,
        "ms-ssim": 0.9900869131088257,
        "psnr": 35.949493408203125
    },
    "21": {
        "bpp": 0.8124186197916666,
        "decoding_time": 0.08691787719726562,
        "encoding_time": 0.08224129676818848,
        "ms-ssim": 0.9797892570495605,
        "psnr": 31.52260398864746
    },
    "22": {
        "bpp": 0.7438151041666666,
        "decoding_time": 0.08473730087280273,
        "encoding_time": 0.07738065719604492,
        "ms-ssim": 0.9807944297790527,
        "psnr": 32.66638946533203
    },
    "23": {
        "bpp": 0.9984537760416666,
        "decoding_time": 0.08856534957885742,
        "encoding_time": 0.08046913146972656,
        "ms-ssim": 0.9851675033569336,
        "psnr": 31.512662887573242
    }
}