{
    "0": {
        "bpp": 0.934814453125,
        "decoding_time": 0.07978463172912598,
        "encoding_time": 0.09164762496948242,
        "ms-ssim": 0.9917466044425964,
        "psnr": 37.780269622802734
    },
    "1": {
        "bpp": 0.9344889322916666,
        "decoding_time": 0.08073830604553223,
        "encoding_time": 0.08856892585754395,
        "ms-ssim": 0.9899086356163025,
        "psnr": 37.48186111450195
    },
    "2": {
        "bpp": 0.7805989583333334,
        "decoding_time": 0.08153963088989258,
        "encoding_time": 0.07801651954650879,
        "ms-ssim": 0.9894475936889648,
        "psnr": 38.622833251953125
    },
    "3": {
        "bpp": 0.8323567708333334,
        "decoding_time": 0.08134198188781738,
        "encoding_time": 0.07956576347351074,
        "ms-ssim": 0.9929651618003845,
        "psnr": 37.43793487548828
    },
    "4": {
        "bpp": 1.0470377604166667,
        "decoding_time": 0.08107781410217285,
        "encoding_time": 0.08138704299926758,
        "ms-ssim": 0.9909221529960632,
        "psnr": 36.39051818847656
    },
    "5": {
        "bpp": 0.727294921875,
        "decoding_time": 0.08053112030029297,
        "encoding_time": 0.07824563980102539,
        "ms-ssim": 0.9916858673095703,
        "psnr": 37.763519287109375
    },
    "6": {
        "bpp": 1.3494466145833333,
        "decoding_time": 0.08629679679870605,
        "encoding_time": 0.0806577205657959,
        "ms-ssim": 0.9932743310928345,
        "psnr": 33.19563293457031
    },
    "7": {
        "bpp": 1.65966796875,
        "decoding_time": 0.0862886905670166,
        "encoding_time": 0.08043575286865234,
        "ms-ssim": 0.9943165183067322,
        "psnr": 33.212158203125
    },
    "8": {
        "bpp": 0.6685384114583334,
        "decoding_time": 0.08160114288330078,
        "encoding_time": 0.08040475845336914,
        "ms-ssim": 0.9925285577774048,
        "psnr": 39.22052764892578
    },
    "9": {
        "bpp": 1.4244791666666667,
        "decoding_time": 0.08834099769592285,
        "encoding_time": 0.08227252960205078,
        "ms-ssim": 0.9925686120986938,
        "psnr": 35.19178771972656
    },
    "10": {
        "bpp": 1.05029296875,
        "decoding_time": 0.08196544647216797,
        "encoding_time": 0.07810711860656738,
        "ms-ssim": 0.991111695766449,
        "psnr": 35.52960205078125
    },
    "11": {
        "bpp": 0.8370768229166666,
        "decoding_time": 0.08185887336730957,
        "encoding_time": 0.07811236381530762,
        "ms-ssim": 0.9897799491882324,
        "psnr": 36.93724822998047
    },
    "12": {
        "bpp": 1.6043294270833333,
        "decoding_time": 0.08718562126159668,
        "encoding_time": 0.07867074012756348,
        "ms-ssim": 0.9951373934745789,
        "psnr": 34.640472412109375
    },
    "13": {
        "bpp": 0.5625813802083334,
        "decoding_time": 0.08099889755249023,
        "encoding_time": 0.07707834243774414,
        "ms-ssim": 0.9923975467681885,
        "psnr": 39.49918746948242
    },
    "14": {
        "bpp": 0.7782389322916666,
        "decoding_time": 0.07898998260498047,
        "encoding_time": 0.07678842544555664,
        "ms-ssim": 0.9916173219680786,
        "psnr": 38.394439697265625
    },
    "15": {
        "bpp": 1.179443359375,
        "decoding_time": 0.09466767311096191,
        "encoding_time": 0.07996869087219238,
        "ms-ssim": 0.9919989109039307,
        "psnr": 36.079315185546875
    },
    "16": {
        "bpp": 0.9969075520833334,
        "decoding_time": 0.08301663398742676,
        "encoding_time": 0.07703518867492676,
        "ms-ssim": 0.9864926338195801,
        "psnr": 37.141929626464844
    },
    "17": {
        "bpp": 1.8577473958333333,
        "decoding_time": 0.08909058570861816,
        "encoding_time": 0.0831441879272461,
        "ms-ssim": 0.9914543032646179,
        "psnr": 30.657852172851562
    },
    "18": {
        "bpp": 0.6641438802083334,
        "decoding_time": 0.0911870002746582,
        "encoding_time": 0.08128619194030762,
        "ms-ssim": 0.9910032153129578,
        "psnr": 38.51472473144531
    },
    "19": {
        "bpp": 1.1770833333333333,
        "decoding_time": 0.0820610523223877,
        "encoding_time": 0.09391140937805176,
        "ms-ssim": 0.9889391660690308,
        "psnr": 35.896507263183594
    },
    "20": {
        "bpp": 0.8104654947916666,
        "decoding_time": 0.08420181274414062,
        "encoding_time": 0.07782530784606934,
        "ms-ssim": 0.9951578974723816,
        "psnr": 39.01226806640625
    },
    "21": {
        "bpp": 1.367919921875,
        "decoding_time": 0.0967245101928711,
        "encoding_time": 0.08803343772888184,
        "ms-ssim": 0.9905781149864197,
        "psnr": 33.81476593017578
    },
    "22": {
        "bpp": 1.2359212239583333,
        "decoding_time": 0.0806128978729248,
        "encoding_time": 0.07679510116577148,
        "ms-ssim": 0.9918636679649353,
        "psnr": 35.490325927734375
    },
    "23": {
        "bpp": 1.5826822916666667,
        "decoding_time": 0.08655333518981934,
        "encoding_time": 0.08081364631652832,
        "ms-ssim": 0.9935819506645203,
        "psnr": 34.17050552368164
    }
}