{
    "0": {
        "bpp": 0.97900390625,
        "decoding_time": 0.08693981170654297,
        "encoding_time": 0.08487606048583984,
        "ms-ssim": 0.9920182228088379,
        "psnr": 37.94327163696289
    },
    "1": {
        "bpp": 0.97509765625,
        "decoding_time": 0.07897138595581055,
        "encoding_time": 0.07510256767272949,
        "ms-ssim": 0.9898042678833008,
        "psnr": 37.47718811035156
    },
    "2": {
        "bpp": 0.8408203125,
        "decoding_time": 0.07285642623901367,
        "encoding_time": 0.07263970375061035,
        "ms-ssim": 0.9900049567222595,
        "psnr": 38.873443603515625
    },
    "3": {
        "bpp": 0.8726399739583334,
        "decoding_time": 0.08850431442260742,
        "encoding_time": 0.06659984588623047,
        "ms-ssim": 0.9930785894393921,
        "psnr": 37.5455207824707
    },
    "4": {
        "bpp": 1.0941569010416667,
        "decoding_time": 0.0669107437133789,
        "encoding_time": 0.07465291023254395,
        "ms-ssim": 0.9910119771957397,
        "psnr": 36.459808349609375
    },
    "5": {
        "bpp": 0.757568359375,
        "decoding_time": 0.06673121452331543,
        "encoding_time": 0.06467866897583008,
        "ms-ssim": 0.9917051196098328,
        "psnr": 37.85243225097656
    },
    "6": {
        "bpp": 1.394775390625,
        "decoding_time": 0.10650348663330078,
        "encoding_time": 0.06554412841796875,
        "ms-ssim": 0.9934694170951843,
        "psnr": 33.298553466796875
    },
    "7": {
        "bpp": 1.717529296875,
        "decoding_time": 0.08417439460754395,
        "encoding_time": 0.07421875,
        "ms-ssim": 0.9944226145744324,
        "psnr": 33.31040573120117
    },
    "8": {
        "bpp": 0.6932779947916666,
        "decoding_time": 0.0803673267364502,
        "encoding_time": 0.07205486297607422,
        "ms-ssim": 0.9926599860191345,
        "psnr": 39.33376693725586
    },
    "9": {
        "bpp": 1.4794921875,
        "decoding_time": 0.09917545318603516,
        "encoding_time": 0.07484316825866699,
        "ms-ssim": 0.9927347898483276,
        "psnr": 35.29756164550781
    },
    "10": {
        "bpp": 1.0956217447916667,
        "decoding_time": 0.09718513488769531,
        "encoding_time": 0.08148717880249023,
        "ms-ssim": 0.9913229942321777,
        "psnr": 35.65187454223633
    },
    "11": {
        "bpp": 0.875244140625,
        "decoding_time": 0.06827449798583984,
        "encoding_time": 0.08083724975585938,
        "ms-ssim": 0.9897128939628601,
        "psnr": 36.985511779785156
    },
    "12": {
        "bpp": 1.6461588541666667,
        "decoding_time": 0.07302546501159668,
        "encoding_time": 0.07013940811157227,
        "ms-ssim": 0.9952594637870789,
        "psnr": 34.782920837402344
    },
    "13": {
        "bpp": 0.5890299479166666,
        "decoding_time": 0.0877373218536377,
        "encoding_time": 0.06481552124023438,
        "ms-ssim": 0.9924308657646179,
        "psnr": 39.55449295043945
    },
    "14": {
        "bpp": 0.8257649739583334,
        "decoding_time": 0.06918835639953613,
        "encoding_time": 0.0647127628326416,
        "ms-ssim": 0.9919313192367554,
        "psnr": 38.58352279663086
    },
    "15": {
        "bpp": 1.2273763020833333,
        "decoding_time": 0.0668036937713623,
        "encoding_time": 0.0684056282043457,
        "ms-ssim": 0.9922056198120117,
        "psnr": 36.206581115722656
    },
    "16": {
        "bpp": 1.0397135416666667,
        "decoding_time": 0.07155966758728027,
        "encoding_time": 0.08637785911560059,
        "ms-ssim": 0.9860920906066895,
        "psnr": 37.09523010253906
    },
    "17": {
        "bpp": 1.9138997395833333,
        "decoding_time": 0.06979942321777344,
        "encoding_time": 0.07047653198242188,
        "ms-ssim": 0.9916598796844482,
        "psnr": 30.743501663208008
    },
    "18": {
        "bpp": 0.7067057291666666,
        "decoding_time": 0.06261301040649414,
        "encoding_time": 0.06313920021057129,
        "ms-ssim": 0.9912363886833191,
        "psnr": 38.66099166870117
    },
    "19": {
        "bpp": 1.229736328125,
        "decoding_time": 0.0682377815246582,
        "encoding_time": 0.0693960189819336,
        "ms-ssim": 0.9889364242553711,
        "psnr": 35.9659423828125
    },
    "20": {
        "bpp": 0.8330078125,
        "decoding_time": 0.06984424591064453,
        "encoding_time": 0.06518936157226562,
        "ms-ssim": 0.9953012466430664,
        "psnr": 39.13805389404297
    },
    "21": {
        "bpp": 1.425048828125,
        "decoding_time": 0.08719015121459961,
        "encoding_time": 0.0649557113647461,
        "ms-ssim": 0.9906233549118042,
        "psnr": 33.89869689941406
    },
    "22": {
        "bpp": 1.2806803385416667,
        "decoding_time": 0.1187894344329834,
        "encoding_time": 0.07114291191101074,
        "ms-ssim": 0.992107093334198,
        "psnr": 35.6617317199707
    },
    "23": {
        "bpp": 1.6326497395833333,
        "decoding_time": 0.08045649528503418,
        "encoding_time": 0.07235956192016602,
        "ms-ssim": 0.9937835931777954,
        "psnr": 34.296974182128906
    }
}