{"bpp_anchor": [0.11534966362847222, 0.17430284288194442, 0.42712741427951384, 0.8061116536458331], "bpp_retrained": [0.11108059353298609, 0.17357042100694442, 0.4153645833333334, 0.7907036675347222], "psnr_anchor": [28.421475807825725, 29.759294430414837, 33.354546864827476, 36.599512577056885], "psnr_retrained": [28.333068052927654, 29.771743694941204, 33.323284228642784, 36.53388341267904]}