{
    "0": {
        "bpp": 0.21793619791666666,
        "decoding_time": 0.07310175895690918,
        "encoding_time": 0.09091925621032715,
        "ms-ssim": 0.9504453539848328,
        "psnr": 30.856468200683594
    },
    "1": {
        "bpp": 0.2158203125,
        "decoding_time": 0.08186149597167969,
        "encoding_time": 0.0724644660949707,
        "ms-ssim": 0.9471856951713562,
        "psnr": 31.47779083251953
    },
    "2": {
        "bpp": 0.18790690104166666,
        "decoding_time": 0.07625246047973633,
        "encoding_time": 0.07482624053955078,
        "ms-ssim": 0.9501039981842041,
        "psnr": 32.47885513305664
    },
    "3": {
        "bpp": 0.213623046875,
        "decoding_time": 0.0727999210357666,
        "encoding_time": 0.07442831993103027,
        "ms-ssim": 0.9654633402824402,
        "psnr": 31.382247924804688
    },
    "4": {
        "bpp": 0.266845703125,
        "decoding_time": 0.07896971702575684,
        "encoding_time": 0.07431912422180176,
        "ms-ssim": 0.9524649381637573,
        "psnr": 29.926212310791016
    },
    "5": {
        "bpp": 0.198486328125,
        "decoding_time": 0.07422685623168945,
        "encoding_time": 0.07479500770568848,
        "ms-ssim": 0.9717245101928711,
        "psnr": 31.93424415588379
    },
    "6": {
        "bpp": 0.3848470052083333,
        "decoding_time": 0.07410216331481934,
        "encoding_time": 0.07362079620361328,
        "ms-ssim": 0.9603983163833618,
        "psnr": 27.359888076782227
    },
    "7": {
        "bpp": 0.52001953125,
        "decoding_time": 0.0777580738067627,
        "encoding_time": 0.07539105415344238,
        "ms-ssim": 0.9696316719055176,
        "psnr": 26.56119728088379
    },
    "8": {
        "bpp": 0.17350260416666666,
        "decoding_time": 0.07267284393310547,
        "encoding_time": 0.07359623908996582,
        "ms-ssim": 0.965775191783905,
        "psnr": 32.83771896362305
    },
    "9": {
        "bpp": 0.3766276041666667,
        "decoding_time": 0.07278990745544434,
        "encoding_time": 0.07182884216308594,
        "ms-ssim": 0.9521017074584961,
        "psnr": 28.552629470825195
    },
    "10": {
        "bpp": 0.3095703125,
        "decoding_time": 0.07451081275939941,
        "encoding_time": 0.07530379295349121,
        "ms-ssim": 0.9670400023460388,
        "psnr": 29.423969268798828
    },
    "11": {
        "bpp": 0.20540364583333334,
        "decoding_time": 0.07341289520263672,
        "encoding_time": 0.07392263412475586,
        "ms-ssim": 0.9586719870567322,
        "psnr": 31.326066970825195
    },
    "12": {
        "bpp": 0.5111490885416666,
        "decoding_time": 0.08539319038391113,
        "encoding_time": 0.07411742210388184,
        "ms-ssim": 0.9665431976318359,
        "psnr": 27.56627655029297
    },
    "13": {
        "bpp": 0.15486653645833334,
        "decoding_time": 0.07088732719421387,
        "encoding_time": 0.07642388343811035,
        "ms-ssim": 0.9696720838546753,
        "psnr": 33.59730529785156
    },
    "14": {
        "bpp": 0.209716796875,
        "decoding_time": 0.06135916709899902,
        "encoding_time": 0.06491565704345703,
        "ms-ssim": 0.9667754173278809,
        "psnr": 32.335350036621094
    },
    "15": {
        "bpp": 0.296142578125,
        "decoding_time": 0.08110690116882324,
        "encoding_time": 0.06436014175415039,
        "ms-ssim": 0.9503104090690613,
        "psnr": 29.647783279418945
    },
    "16": {
        "bpp": 0.204833984375,
        "decoding_time": 0.07237744331359863,
        "encoding_time": 0.07452201843261719,
        "ms-ssim": 0.9304108619689941,
        "psnr": 31.195985794067383
    },
    "17": {
        "bpp": 0.5596516927083334,
        "decoding_time": 0.08062505722045898,
        "encoding_time": 0.07400131225585938,
        "ms-ssim": 0.9467405080795288,
        "psnr": 24.821502685546875
    },
    "18": {
        "bpp": 0.19376627604166666,
        "decoding_time": 0.07121419906616211,
        "encoding_time": 0.07472014427185059,
        "ms-ssim": 0.9742263555526733,
        "psnr": 32.81380844116211
    },
    "19": {
        "bpp": 0.2890625,
        "decoding_time": 0.07658958435058594,
        "encoding_time": 0.07222175598144531,
        "ms-ssim": 0.9402714967727661,
        "psnr": 29.85597038269043
    },
    "20": {
        "bpp": 0.249755859375,
        "decoding_time": 0.071075439453125,
        "encoding_time": 0.07245111465454102,
        "ms-ssim": 0.9774033427238464,
        "psnr": 32.14381790161133
    },
    "21": {
        "bpp": 0.3822428385416667,
        "decoding_time": 0.07881593704223633,
        "encoding_time": 0.07671284675598145,
        "ms-ssim": 0.9532586336135864,
        "psnr": 27.96335792541504
    },
    "22": {
        "bpp": 0.337646484375,
        "decoding_time": 0.07561683654785156,
        "encoding_time": 0.07148575782775879,
        "ms-ssim": 0.9503153562545776,
        "psnr": 28.6757869720459
    },
    "23": {
        "bpp": 0.470458984375,
        "decoding_time": 0.07151961326599121,
        "encoding_time": 0.06868624687194824,
        "ms-ssim": 0.9612695574760437,
        "psnr": 27.74626350402832
    }
}