{
    "0": {
        "bpp": 0.21964518229166666,
        "decoding_time": 0.08617663383483887,
        "encoding_time": 0.10107946395874023,
        "ms-ssim": 0.9506082534790039,
        "psnr": 30.854413986206055
    },
    "1": {
        "bpp": 0.2158203125,
        "decoding_time": 0.0680532455444336,
        "encoding_time": 0.09820938110351562,
        "ms-ssim": 0.9473630785942078,
        "psnr": 31.475929260253906
    },
    "2": {
        "bpp": 0.19010416666666666,
        "decoding_time": 0.06369233131408691,
        "encoding_time": 0.09051203727722168,
        "ms-ssim": 0.9504061937332153,
        "psnr": 32.502044677734375
    },
    "3": {
        "bpp": 0.214599609375,
        "decoding_time": 0.06983542442321777,
        "encoding_time": 0.07884335517883301,
        "ms-ssim": 0.9656073451042175,
        "psnr": 31.387435913085938
    },
    "4": {
        "bpp": 0.2670084635416667,
        "decoding_time": 0.07301950454711914,
        "encoding_time": 0.08165287971496582,
        "ms-ssim": 0.952583909034729,
        "psnr": 29.904735565185547
    },
    "5": {
        "bpp": 0.200439453125,
        "decoding_time": 0.06569623947143555,
        "encoding_time": 0.08467626571655273,
        "ms-ssim": 0.9718958735466003,
        "psnr": 31.912538528442383
    },
    "6": {
        "bpp": 0.3856608072916667,
        "decoding_time": 0.07006239891052246,
        "encoding_time": 0.08268284797668457,
        "ms-ssim": 0.9606918096542358,
        "psnr": 27.362186431884766
    },
    "7": {
        "bpp": 0.521484375,
        "decoding_time": 0.07084989547729492,
        "encoding_time": 0.08101177215576172,
        "ms-ssim": 0.9696614742279053,
        "psnr": 26.553455352783203
    },
    "8": {
        "bpp": 0.17529296875,
        "decoding_time": 0.0723876953125,
        "encoding_time": 0.084259033203125,
        "ms-ssim": 0.9660115242004395,
        "psnr": 32.8454704284668
    },
    "9": {
        "bpp": 0.3784993489583333,
        "decoding_time": 0.06982183456420898,
        "encoding_time": 0.08594751358032227,
        "ms-ssim": 0.952316164970398,
        "psnr": 28.5582218170166
    },
    "10": {
        "bpp": 0.3108723958333333,
        "decoding_time": 0.07437944412231445,
        "encoding_time": 0.0798332691192627,
        "ms-ssim": 0.9671928882598877,
        "psnr": 29.421470642089844
    },
    "11": {
        "bpp": 0.205810546875,
        "decoding_time": 0.08747315406799316,
        "encoding_time": 0.08314323425292969,
        "ms-ssim": 0.9587545394897461,
        "psnr": 31.316307067871094
    },
    "12": {
        "bpp": 0.5122884114583334,
        "decoding_time": 0.08492827415466309,
        "encoding_time": 0.09345436096191406,
        "ms-ssim": 0.96677565574646,
        "psnr": 27.56233787536621
    },
    "13": {
        "bpp": 0.15568033854166666,
        "decoding_time": 0.08628726005554199,
        "encoding_time": 0.1006317138671875,
        "ms-ssim": 0.9699506759643555,
        "psnr": 33.61968231201172
    },
    "14": {
        "bpp": 0.21085611979166666,
        "decoding_time": 0.07743954658508301,
        "encoding_time": 0.0914297103881836,
        "ms-ssim": 0.9669507741928101,
        "psnr": 32.323631286621094
    },
    "15": {
        "bpp": 0.29736328125,
        "decoding_time": 0.08112573623657227,
        "encoding_time": 0.0880117416381836,
        "ms-ssim": 0.9503774642944336,
        "psnr": 29.647647857666016
    },
    "16": {
        "bpp": 0.205810546875,
        "decoding_time": 0.08995676040649414,
        "encoding_time": 0.08814835548400879,
        "ms-ssim": 0.9308782815933228,
        "psnr": 31.197935104370117
    },
    "17": {
        "bpp": 0.5615234375,
        "decoding_time": 0.08416318893432617,
        "encoding_time": 0.09467005729675293,
        "ms-ssim": 0.9470843076705933,
        "psnr": 24.819807052612305
    },
    "18": {
        "bpp": 0.19514973958333334,
        "decoding_time": 0.07683348655700684,
        "encoding_time": 0.08734250068664551,
        "ms-ssim": 0.974324643611908,
        "psnr": 32.81082534790039
    },
    "19": {
        "bpp": 0.2906901041666667,
        "decoding_time": 0.07875537872314453,
        "encoding_time": 0.09151744842529297,
        "ms-ssim": 0.9407055377960205,
        "psnr": 29.86227798461914
    },
    "20": {
        "bpp": 0.251708984375,
        "decoding_time": 0.08248543739318848,
        "encoding_time": 0.09453821182250977,
        "ms-ssim": 0.9778921008110046,
        "psnr": 32.22057342529297
    },
    "21": {
        "bpp": 0.3836263020833333,
        "decoding_time": 0.09534668922424316,
        "encoding_time": 0.09718728065490723,
        "ms-ssim": 0.9534929990768433,
        "psnr": 27.972488403320312
    },
    "22": {
        "bpp": 0.3397623697916667,
        "decoding_time": 0.0804758071899414,
        "encoding_time": 0.08527612686157227,
        "ms-ssim": 0.9506958723068237,
        "psnr": 28.675323486328125
    },
    "23": {
        "bpp": 0.472900390625,
        "decoding_time": 0.0770869255065918,
        "encoding_time": 0.07977676391601562,
        "ms-ssim": 0.9615479707717896,
        "psnr": 27.752735137939453
    }
}