{
    "0": {
        "bpp": 0.1884765625,
        "decoding_time": 0.21096563339233398,
        "encoding_time": 0.25014209747314453,
        "ms-ssim": 0.9582135677337646,
        "psnr": 31.65304946899414
    },
    "1": {
        "bpp": 0.1689453125,
        "decoding_time": 0.2359769344329834,
        "encoding_time": 0.19502019882202148,
        "ms-ssim": 0.9551917910575867,
        "psnr": 32.037078857421875
    },
    "2": {
        "bpp": 0.137939453125,
        "decoding_time": 0.20718598365783691,
        "encoding_time": 0.1929302215576172,
        "ms-ssim": 0.9570592641830444,
        "psnr": 33.43183898925781
    },
    "3": {
        "bpp": 0.181640625,
        "decoding_time": 0.21760940551757812,
        "encoding_time": 0.16655921936035156,
        "ms-ssim": 0.9693595170974731,
        "psnr": 32.002281188964844
    },
    "4": {
        "bpp": 0.21866861979166666,
        "decoding_time": 0.21551108360290527,
        "encoding_time": 0.1912858486175537,
        "ms-ssim": 0.9588574171066284,
        "psnr": 30.818159103393555
    },
    "5": {
        "bpp": 0.14388020833333334,
        "decoding_time": 0.20788168907165527,
        "encoding_time": 0.22931981086730957,
        "ms-ssim": 0.9749350547790527,
        "psnr": 32.62394332885742
    },
    "6": {
        "bpp": 0.3221028645833333,
        "decoding_time": 0.2140345573425293,
        "encoding_time": 0.1792752742767334,
        "ms-ssim": 0.9649149179458618,
        "psnr": 27.30584716796875
    },
    "7": {
        "bpp": 0.4263509114583333,
        "decoding_time": 0.21335196495056152,
        "encoding_time": 0.19140934944152832,
        "ms-ssim": 0.9712610244750977,
        "psnr": 26.951326370239258
    },
    "8": {
        "bpp": 0.12955729166666666,
        "decoding_time": 0.24619698524475098,
        "encoding_time": 0.21575236320495605,
        "ms-ssim": 0.9713520407676697,
        "psnr": 33.91472244262695
    },
    "9": {
        "bpp": 0.3375651041666667,
        "decoding_time": 0.20028185844421387,
        "encoding_time": 0.19656634330749512,
        "ms-ssim": 0.9591791033744812,
        "psnr": 29.203176498413086
    },
    "10": {
        "bpp": 0.24755859375,
        "decoding_time": 0.26805567741394043,
        "encoding_time": 0.19271373748779297,
        "ms-ssim": 0.9691101312637329,
        "psnr": 29.423118591308594
    },
    "11": {
        "bpp": 0.15437825520833334,
        "decoding_time": 0.2576127052307129,
        "encoding_time": 0.20000958442687988,
        "ms-ssim": 0.9650842547416687,
        "psnr": 32.05472183227539
    },
    "12": {
        "bpp": 0.4357096354166667,
        "decoding_time": 0.20734882354736328,
        "encoding_time": 0.21886944770812988,
        "ms-ssim": 0.9697596430778503,
        "psnr": 28.070558547973633
    },
    "13": {
        "bpp": 0.12027994791666667,
        "decoding_time": 0.23357009887695312,
        "encoding_time": 0.229386568069458,
        "ms-ssim": 0.9732042551040649,
        "psnr": 34.307369232177734
    },
    "14": {
        "bpp": 0.16422526041666666,
        "decoding_time": 0.24761605262756348,
        "encoding_time": 0.22426366806030273,
        "ms-ssim": 0.9730526804924011,
        "psnr": 33.461273193359375
    },
    "15": {
        "bpp": 0.24462890625,
        "decoding_time": 0.22689175605773926,
        "encoding_time": 0.21222877502441406,
        "ms-ssim": 0.9564520716667175,
        "psnr": 30.077116012573242
    },
    "16": {
        "bpp": 0.15071614583333334,
        "decoding_time": 0.24867701530456543,
        "encoding_time": 0.2290501594543457,
        "ms-ssim": 0.9383191466331482,
        "psnr": 32.041290283203125
    },
    "17": {
        "bpp": 0.4597981770833333,
        "decoding_time": 0.2539961338043213,
        "encoding_time": 0.21649861335754395,
        "ms-ssim": 0.9441606998443604,
        "psnr": 24.400070190429688
    },
    "18": {
        "bpp": 0.147705078125,
        "decoding_time": 0.24550223350524902,
        "encoding_time": 0.21025443077087402,
        "ms-ssim": 0.9775063395500183,
        "psnr": 33.506893157958984
    },
    "19": {
        "bpp": 0.23787434895833334,
        "decoding_time": 0.25148487091064453,
        "encoding_time": 0.2052288055419922,
        "ms-ssim": 0.9462389945983887,
        "psnr": 30.29135513305664
    },
    "20": {
        "bpp": 0.20263671875,
        "decoding_time": 0.2403855323791504,
        "encoding_time": 0.216536283493042,
        "ms-ssim": 0.9832472205162048,
        "psnr": 33.55853271484375
    },
    "21": {
        "bpp": 0.320068359375,
        "decoding_time": 0.2631235122680664,
        "encoding_time": 0.23141026496887207,
        "ms-ssim": 0.955744743347168,
        "psnr": 27.753530502319336
    },
    "22": {
        "bpp": 0.2815755208333333,
        "decoding_time": 0.2451934814453125,
        "encoding_time": 0.2319040298461914,
        "ms-ssim": 0.9554420709609985,
        "psnr": 28.857601165771484
    },
    "23": {
        "bpp": 0.373779296875,
        "decoding_time": 0.24678611755371094,
        "encoding_time": 0.2419421672821045,
        "ms-ssim": 0.9608384966850281,
        "psnr": 27.784772872924805
    }
}