{
    "0": {
        "bpp": 0.18416341145833334,
        "decoding_time": 0.24907183647155762,
        "encoding_time": 0.2340397834777832,
        "ms-ssim": 0.9563497304916382,
        "psnr": 31.45916748046875
    },
    "1": {
        "bpp": 0.16837565104166666,
        "decoding_time": 0.23925065994262695,
        "encoding_time": 0.2159590721130371,
        "ms-ssim": 0.954365611076355,
        "psnr": 31.862117767333984
    },
    "2": {
        "bpp": 0.13460286458333334,
        "decoding_time": 0.24292945861816406,
        "encoding_time": 0.20879292488098145,
        "ms-ssim": 0.9553455114364624,
        "psnr": 33.21638488769531
    },
    "3": {
        "bpp": 0.179931640625,
        "decoding_time": 0.23570513725280762,
        "encoding_time": 0.2281358242034912,
        "ms-ssim": 0.9685789942741394,
        "psnr": 31.889930725097656
    },
    "4": {
        "bpp": 0.21427408854166666,
        "decoding_time": 0.23753738403320312,
        "encoding_time": 0.2182469367980957,
        "ms-ssim": 0.9576281309127808,
        "psnr": 30.553030014038086
    },
    "5": {
        "bpp": 0.14274088541666666,
        "decoding_time": 0.252821683883667,
        "encoding_time": 0.22991394996643066,
        "ms-ssim": 0.9741643667221069,
        "psnr": 32.33622741699219
    },
    "6": {
        "bpp": 0.3181966145833333,
        "decoding_time": 0.2519659996032715,
        "encoding_time": 0.23716425895690918,
        "ms-ssim": 0.9644248485565186,
        "psnr": 27.21275520324707
    },
    "7": {
        "bpp": 0.4217936197916667,
        "decoding_time": 0.28235554695129395,
        "encoding_time": 0.2534627914428711,
        "ms-ssim": 0.9706105589866638,
        "psnr": 26.80449867248535
    },
    "8": {
        "bpp": 0.1279296875,
        "decoding_time": 0.25533199310302734,
        "encoding_time": 0.22454047203063965,
        "ms-ssim": 0.9707674980163574,
        "psnr": 33.71925354003906
    },
    "9": {
        "bpp": 0.3321940104166667,
        "decoding_time": 0.24356675148010254,
        "encoding_time": 0.21723675727844238,
        "ms-ssim": 0.9578875303268433,
        "psnr": 29.06780242919922
    },
    "10": {
        "bpp": 0.24454752604166666,
        "decoding_time": 0.2792501449584961,
        "encoding_time": 0.20727849006652832,
        "ms-ssim": 0.9684883952140808,
        "psnr": 29.265695571899414
    },
    "11": {
        "bpp": 0.15559895833333334,
        "decoding_time": 0.2938683032989502,
        "encoding_time": 0.26230669021606445,
        "ms-ssim": 0.9646804332733154,
        "psnr": 31.926910400390625
    },
    "12": {
        "bpp": 0.4326171875,
        "decoding_time": 0.29277706146240234,
        "encoding_time": 0.26281046867370605,
        "ms-ssim": 0.9690172672271729,
        "psnr": 27.932540893554688
    },
    "13": {
        "bpp": 0.12174479166666667,
        "decoding_time": 0.309467077255249,
        "encoding_time": 0.2586479187011719,
        "ms-ssim": 0.9730336666107178,
        "psnr": 34.061241149902344
    },
    "14": {
        "bpp": 0.16267903645833334,
        "decoding_time": 0.280564546585083,
        "encoding_time": 0.24541425704956055,
        "ms-ssim": 0.9723748564720154,
        "psnr": 33.29143524169922
    },
    "15": {
        "bpp": 0.23974609375,
        "decoding_time": 0.27381443977355957,
        "encoding_time": 0.23940038681030273,
        "ms-ssim": 0.9546586275100708,
        "psnr": 29.929475784301758
    },
    "16": {
        "bpp": 0.15104166666666666,
        "decoding_time": 0.21471571922302246,
        "encoding_time": 0.22493577003479004,
        "ms-ssim": 0.9370213747024536,
        "psnr": 31.912771224975586
    },
    "17": {
        "bpp": 0.452392578125,
        "decoding_time": 0.23719429969787598,
        "encoding_time": 0.19933199882507324,
        "ms-ssim": 0.9432382583618164,
        "psnr": 24.325027465820312
    },
    "18": {
        "bpp": 0.14827473958333334,
        "decoding_time": 0.2809329032897949,
        "encoding_time": 0.2184278964996338,
        "ms-ssim": 0.9771329164505005,
        "psnr": 33.31305694580078
    },
    "19": {
        "bpp": 0.2353515625,
        "decoding_time": 0.31087684631347656,
        "encoding_time": 0.2739553451538086,
        "ms-ssim": 0.9452208876609802,
        "psnr": 30.159719467163086
    },
    "20": {
        "bpp": 0.20182291666666666,
        "decoding_time": 0.32297492027282715,
        "encoding_time": 0.30066800117492676,
        "ms-ssim": 0.9828259348869324,
        "psnr": 33.39072799682617
    },
    "21": {
        "bpp": 0.3173014322916667,
        "decoding_time": 0.2777690887451172,
        "encoding_time": 0.2548861503601074,
        "ms-ssim": 0.9547667503356934,
        "psnr": 27.674732208251953
    },
    "22": {
        "bpp": 0.2743326822916667,
        "decoding_time": 0.23840022087097168,
        "encoding_time": 0.25213098526000977,
        "ms-ssim": 0.9537822604179382,
        "psnr": 28.7266845703125
    },
    "23": {
        "bpp": 0.3687337239583333,
        "decoding_time": 0.23887038230895996,
        "encoding_time": 0.22030353546142578,
        "ms-ssim": 0.9594587087631226,
        "psnr": 27.643390655517578
    }
}