{
    "0": {
        "bpp": 0.07649739583333333,
        "decoding_time": 0.25986719131469727,
        "encoding_time": 0.2602105140686035,
        "ms-ssim": 0.9150847792625427,
        "psnr": 29.394121170043945
    },
    "1": {
        "bpp": 0.06746419270833333,
        "decoding_time": 0.24975800514221191,
        "encoding_time": 0.2371981143951416,
        "ms-ssim": 0.9120405912399292,
        "psnr": 29.689428329467773
    },
    "2": {
        "bpp": 0.056559244791666664,
        "decoding_time": 0.2536613941192627,
        "encoding_time": 0.25400447845458984,
        "ms-ssim": 0.9168413877487183,
        "psnr": 30.900039672851562
    },
    "3": {
        "bpp": 0.0869140625,
        "decoding_time": 0.24705982208251953,
        "encoding_time": 0.23444628715515137,
        "ms-ssim": 0.9396623373031616,
        "psnr": 29.64516258239746
    },
    "4": {
        "bpp": 0.09269205729166667,
        "decoding_time": 0.28388357162475586,
        "encoding_time": 0.25669145584106445,
        "ms-ssim": 0.9174167513847351,
        "psnr": 28.640430450439453
    },
    "5": {
        "bpp": 0.07039388020833333,
        "decoding_time": 0.2533557415008545,
        "encoding_time": 0.24837541580200195,
        "ms-ssim": 0.952872633934021,
        "psnr": 30.369464874267578
    },
    "6": {
        "bpp": 0.15055338541666666,
        "decoding_time": 0.2517855167388916,
        "encoding_time": 0.2368478775024414,
        "ms-ssim": 0.9260872602462769,
        "psnr": 25.601173400878906
    },
    "7": {
        "bpp": 0.21988932291666666,
        "decoding_time": 0.2511889934539795,
        "encoding_time": 0.235975980758667,
        "ms-ssim": 0.9482406377792358,
        "psnr": 24.9409122467041
    },
    "8": {
        "bpp": 0.05908203125,
        "decoding_time": 0.24628543853759766,
        "encoding_time": 0.23398494720458984,
        "ms-ssim": 0.9502048492431641,
        "psnr": 31.51205825805664
    },
    "9": {
        "bpp": 0.152099609375,
        "decoding_time": 0.24738287925720215,
        "encoding_time": 0.23592281341552734,
        "ms-ssim": 0.9116338491439819,
        "psnr": 26.71214485168457
    },
    "10": {
        "bpp": 0.12312825520833333,
        "decoding_time": 0.24592328071594238,
        "encoding_time": 0.23610639572143555,
        "ms-ssim": 0.9447373151779175,
        "psnr": 27.38413429260254
    },
    "11": {
        "bpp": 0.06681315104166667,
        "decoding_time": 0.24591946601867676,
        "encoding_time": 0.23315048217773438,
        "ms-ssim": 0.9378616213798523,
        "psnr": 29.974529266357422
    },
    "12": {
        "bpp": 0.22713216145833334,
        "decoding_time": 0.2204740047454834,
        "encoding_time": 0.23396515846252441,
        "ms-ssim": 0.9358035922050476,
        "psnr": 25.644563674926758
    },
    "13": {
        "bpp": 0.061604817708333336,
        "decoding_time": 0.21872925758361816,
        "encoding_time": 0.21494579315185547,
        "ms-ssim": 0.9512783885002136,
        "psnr": 31.850557327270508
    },
    "14": {
        "bpp": 0.07820638020833333,
        "decoding_time": 0.22020936012268066,
        "encoding_time": 0.21450543403625488,
        "ms-ssim": 0.9465590715408325,
        "psnr": 30.735137939453125
    },
    "15": {
        "bpp": 0.1044921875,
        "decoding_time": 0.21725988388061523,
        "encoding_time": 0.2150096893310547,
        "ms-ssim": 0.9077481031417847,
        "psnr": 27.807371139526367
    },
    "16": {
        "bpp": 0.0556640625,
        "decoding_time": 0.2178044319152832,
        "encoding_time": 0.2135629653930664,
        "ms-ssim": 0.8930572271347046,
        "psnr": 29.910037994384766
    },
    "17": {
        "bpp": 0.21598307291666666,
        "decoding_time": 0.22083139419555664,
        "encoding_time": 0.214188814163208,
        "ms-ssim": 0.8867253065109253,
        "psnr": 22.92566680908203
    },
    "18": {
        "bpp": 0.07332356770833333,
        "decoding_time": 0.23412370681762695,
        "encoding_time": 0.21416425704956055,
        "ms-ssim": 0.9597662687301636,
        "psnr": 30.987607955932617
    },
    "19": {
        "bpp": 0.09488932291666667,
        "decoding_time": 0.25449252128601074,
        "encoding_time": 0.23575448989868164,
        "ms-ssim": 0.8912229537963867,
        "psnr": 28.05747413635254
    },
    "20": {
        "bpp": 0.10660807291666667,
        "decoding_time": 0.21833443641662598,
        "encoding_time": 0.2274777889251709,
        "ms-ssim": 0.9657493829727173,
        "psnr": 30.58255386352539
    },
    "21": {
        "bpp": 0.14835611979166666,
        "decoding_time": 0.21759438514709473,
        "encoding_time": 0.21407771110534668,
        "ms-ssim": 0.9112032651901245,
        "psnr": 25.929447174072266
    },
    "22": {
        "bpp": 0.12736002604166666,
        "decoding_time": 0.21782970428466797,
        "encoding_time": 0.21527624130249023,
        "ms-ssim": 0.9089392423629761,
        "psnr": 26.87471580505371
    },
    "23": {
        "bpp": 0.16756184895833334,
        "decoding_time": 0.21770310401916504,
        "encoding_time": 0.21287012100219727,
        "ms-ssim": 0.9227514266967773,
        "psnr": 25.799097061157227
    }
}