{
    "0": {
        "bpp": 0.07682291666666667,
        "decoding_time": 0.2863647937774658,
        "encoding_time": 0.26568174362182617,
        "ms-ssim": 0.915163516998291,
        "psnr": 29.38047981262207
    },
    "1": {
        "bpp": 0.06803385416666667,
        "decoding_time": 0.2742788791656494,
        "encoding_time": 0.2315673828125,
        "ms-ssim": 0.9121396541595459,
        "psnr": 29.72868537902832
    },
    "2": {
        "bpp": 0.056884765625,
        "decoding_time": 0.25290870666503906,
        "encoding_time": 0.23568964004516602,
        "ms-ssim": 0.9166042804718018,
        "psnr": 30.831966400146484
    },
    "3": {
        "bpp": 0.087890625,
        "decoding_time": 0.26068639755249023,
        "encoding_time": 0.24162793159484863,
        "ms-ssim": 0.939675509929657,
        "psnr": 29.699256896972656
    },
    "4": {
        "bpp": 0.09163411458333333,
        "decoding_time": 0.26256322860717773,
        "encoding_time": 0.23091745376586914,
        "ms-ssim": 0.9164654016494751,
        "psnr": 28.652734756469727
    },
    "5": {
        "bpp": 0.06754557291666667,
        "decoding_time": 0.2455904483795166,
        "encoding_time": 0.2503170967102051,
        "ms-ssim": 0.9524258375167847,
        "psnr": 30.30088996887207
    },
    "6": {
        "bpp": 0.151611328125,
        "decoding_time": 0.2308645248413086,
        "encoding_time": 0.21779918670654297,
        "ms-ssim": 0.926742434501648,
        "psnr": 25.615312576293945
    },
    "7": {
        "bpp": 0.22062174479166666,
        "decoding_time": 0.220198392868042,
        "encoding_time": 0.22063922882080078,
        "ms-ssim": 0.9485282897949219,
        "psnr": 24.925626754760742
    },
    "8": {
        "bpp": 0.058430989583333336,
        "decoding_time": 0.21808648109436035,
        "encoding_time": 0.20860528945922852,
        "ms-ssim": 0.9507409930229187,
        "psnr": 31.498836517333984
    },
    "9": {
        "bpp": 0.151611328125,
        "decoding_time": 0.2204453945159912,
        "encoding_time": 0.20859193801879883,
        "ms-ssim": 0.9115438461303711,
        "psnr": 26.700557708740234
    },
    "10": {
        "bpp": 0.12418619791666667,
        "decoding_time": 0.2375340461730957,
        "encoding_time": 0.20879864692687988,
        "ms-ssim": 0.9451980590820312,
        "psnr": 27.40520668029785
    },
    "11": {
        "bpp": 0.06624348958333333,
        "decoding_time": 0.23881888389587402,
        "encoding_time": 0.25505781173706055,
        "ms-ssim": 0.9378409385681152,
        "psnr": 29.94376564025879
    },
    "12": {
        "bpp": 0.227783203125,
        "decoding_time": 0.21784400939941406,
        "encoding_time": 0.24717497825622559,
        "ms-ssim": 0.936177134513855,
        "psnr": 25.677906036376953
    },
    "13": {
        "bpp": 0.06290690104166667,
        "decoding_time": 0.21896004676818848,
        "encoding_time": 0.21470069885253906,
        "ms-ssim": 0.9516515731811523,
        "psnr": 31.83458709716797
    },
    "14": {
        "bpp": 0.080078125,
        "decoding_time": 0.21463894844055176,
        "encoding_time": 0.21262764930725098,
        "ms-ssim": 0.9473900198936462,
        "psnr": 30.750404357910156
    },
    "15": {
        "bpp": 0.10457356770833333,
        "decoding_time": 0.21704745292663574,
        "encoding_time": 0.21950674057006836,
        "ms-ssim": 0.9078421592712402,
        "psnr": 27.804649353027344
    },
    "16": {
        "bpp": 0.05517578125,
        "decoding_time": 0.2642514705657959,
        "encoding_time": 0.25232720375061035,
        "ms-ssim": 0.8927239775657654,
        "psnr": 29.871240615844727
    },
    "17": {
        "bpp": 0.21630859375,
        "decoding_time": 0.22663569450378418,
        "encoding_time": 0.20738840103149414,
        "ms-ssim": 0.885703444480896,
        "psnr": 22.921110153198242
    },
    "18": {
        "bpp": 0.07389322916666667,
        "decoding_time": 0.22359251976013184,
        "encoding_time": 0.21564793586730957,
        "ms-ssim": 0.960140585899353,
        "psnr": 31.036745071411133
    },
    "19": {
        "bpp": 0.09480794270833333,
        "decoding_time": 0.22594809532165527,
        "encoding_time": 0.21289515495300293,
        "ms-ssim": 0.8910179138183594,
        "psnr": 28.021512985229492
    },
    "20": {
        "bpp": 0.10758463541666667,
        "decoding_time": 0.22335052490234375,
        "encoding_time": 0.21440696716308594,
        "ms-ssim": 0.9664618372917175,
        "psnr": 30.6060791015625
    },
    "21": {
        "bpp": 0.14786783854166666,
        "decoding_time": 0.22325801849365234,
        "encoding_time": 0.21240925788879395,
        "ms-ssim": 0.9104964137077332,
        "psnr": 25.92430305480957
    },
    "22": {
        "bpp": 0.12760416666666666,
        "decoding_time": 0.23158693313598633,
        "encoding_time": 0.21303749084472656,
        "ms-ssim": 0.9098389148712158,
        "psnr": 26.877952575683594
    },
    "23": {
        "bpp": 0.16813151041666666,
        "decoding_time": 0.2153334617614746,
        "encoding_time": 0.2061448097229004,
        "ms-ssim": 0.9228816032409668,
        "psnr": 25.82360076904297
    }
}