{
    "0": {
        "bpp": 0.880126953125,
        "decoding_time": 0.24752044677734375,
        "encoding_time": 0.24895524978637695,
        "ms-ssim": 0.9925445318222046,
        "psnr": 38.774715423583984
    },
    "1": {
        "bpp": 0.81640625,
        "decoding_time": 0.25895166397094727,
        "encoding_time": 0.22815775871276855,
        "ms-ssim": 0.9908036589622498,
        "psnr": 38.34254837036133
    },
    "2": {
        "bpp": 0.7042643229166666,
        "decoding_time": 0.22140717506408691,
        "encoding_time": 0.22759413719177246,
        "ms-ssim": 0.9906756281852722,
        "psnr": 39.731056213378906
    },
    "3": {
        "bpp": 0.7540690104166666,
        "decoding_time": 0.21636343002319336,
        "encoding_time": 0.20559477806091309,
        "ms-ssim": 0.9931339621543884,
        "psnr": 38.44367218017578
    },
    "4": {
        "bpp": 0.955810546875,
        "decoding_time": 0.21730303764343262,
        "encoding_time": 0.20835447311401367,
        "ms-ssim": 0.9903455972671509,
        "psnr": 37.219356536865234
    },
    "5": {
        "bpp": 0.6192220052083334,
        "decoding_time": 0.21732401847839355,
        "encoding_time": 0.205000638961792,
        "ms-ssim": 0.9913815259933472,
        "psnr": 38.64303970336914
    },
    "6": {
        "bpp": 1.2601725260416667,
        "decoding_time": 0.2191298007965088,
        "encoding_time": 0.20557832717895508,
        "ms-ssim": 0.994166374206543,
        "psnr": 34.898826599121094
    },
    "7": {
        "bpp": 1.5995279947916667,
        "decoding_time": 0.21925830841064453,
        "encoding_time": 0.20744729042053223,
        "ms-ssim": 0.9952261447906494,
        "psnr": 34.879554748535156
    },
    "8": {
        "bpp": 0.5599772135416666,
        "decoding_time": 0.21384787559509277,
        "encoding_time": 0.20717096328735352,
        "ms-ssim": 0.9933118224143982,
        "psnr": 40.65651321411133
    },
    "9": {
        "bpp": 1.375244140625,
        "decoding_time": 0.2199563980102539,
        "encoding_time": 0.2081620693206787,
        "ms-ssim": 0.9938857555389404,
        "psnr": 36.447540283203125
    },
    "10": {
        "bpp": 0.975341796875,
        "decoding_time": 0.21654248237609863,
        "encoding_time": 0.20777606964111328,
        "ms-ssim": 0.9909567832946777,
        "psnr": 36.3043212890625
    },
    "11": {
        "bpp": 0.74169921875,
        "decoding_time": 0.21843528747558594,
        "encoding_time": 0.20446228981018066,
        "ms-ssim": 0.9910424947738647,
        "psnr": 38.22135925292969
    },
    "12": {
        "bpp": 1.5264485677083333,
        "decoding_time": 0.22116756439208984,
        "encoding_time": 0.20581436157226562,
        "ms-ssim": 0.9960557222366333,
        "psnr": 36.42090606689453
    },
    "13": {
        "bpp": 0.4671223958333333,
        "decoding_time": 0.2178490161895752,
        "encoding_time": 0.2041161060333252,
        "ms-ssim": 0.9926187992095947,
        "psnr": 40.3125
    },
    "14": {
        "bpp": 0.6376953125,
        "decoding_time": 0.2235422134399414,
        "encoding_time": 0.2053542137145996,
        "ms-ssim": 0.9920379519462585,
        "psnr": 39.50430679321289
    },
    "15": {
        "bpp": 1.0989583333333333,
        "decoding_time": 0.2183699607849121,
        "encoding_time": 0.20452213287353516,
        "ms-ssim": 0.9924051761627197,
        "psnr": 37.1044921875
    },
    "16": {
        "bpp": 0.8780924479166666,
        "decoding_time": 0.21880483627319336,
        "encoding_time": 0.20448732376098633,
        "ms-ssim": 0.9879221320152283,
        "psnr": 38.270076751708984
    },
    "17": {
        "bpp": 1.8720703125,
        "decoding_time": 0.220062255859375,
        "encoding_time": 0.206129789352417,
        "ms-ssim": 0.9911359548568726,
        "psnr": 31.440311431884766
    },
    "18": {
        "bpp": 0.554443359375,
        "decoding_time": 0.2145824432373047,
        "encoding_time": 0.2051551342010498,
        "ms-ssim": 0.9909071922302246,
        "psnr": 39.3455924987793
    },
    "19": {
        "bpp": 1.0810546875,
        "decoding_time": 0.21752476692199707,
        "encoding_time": 0.20728754997253418,
        "ms-ssim": 0.9889561533927917,
        "psnr": 36.486061096191406
    },
    "20": {
        "bpp": 0.671875,
        "decoding_time": 0.21838665008544922,
        "encoding_time": 0.20479440689086914,
        "ms-ssim": 0.9955410957336426,
        "psnr": 40.379913330078125
    },
    "21": {
        "bpp": 1.2937825520833333,
        "decoding_time": 0.24756145477294922,
        "encoding_time": 0.23597288131713867,
        "ms-ssim": 0.990550696849823,
        "psnr": 34.571998596191406
    },
    "22": {
        "bpp": 1.200927734375,
        "decoding_time": 0.24752211570739746,
        "encoding_time": 0.23206114768981934,
        "ms-ssim": 0.9925217628479004,
        "psnr": 36.61468505859375
    },
    "23": {
        "bpp": 1.5499674479166667,
        "decoding_time": 0.2537875175476074,
        "encoding_time": 0.23635315895080566,
        "ms-ssim": 0.9943736791610718,
        "psnr": 34.942466735839844
    }
}