{
    "0": {
        "bpp": 0.8751627604166666,
        "decoding_time": 0.24285149574279785,
        "encoding_time": 0.23689484596252441,
        "ms-ssim": 0.9926279783248901,
        "psnr": 38.73168182373047
    },
    "1": {
        "bpp": 0.80810546875,
        "decoding_time": 0.24147605895996094,
        "encoding_time": 0.22241663932800293,
        "ms-ssim": 0.9906529188156128,
        "psnr": 38.131919860839844
    },
    "2": {
        "bpp": 0.6966145833333334,
        "decoding_time": 0.24082469940185547,
        "encoding_time": 0.22242069244384766,
        "ms-ssim": 0.9906673431396484,
        "psnr": 39.63136291503906
    },
    "3": {
        "bpp": 0.7416178385416666,
        "decoding_time": 0.23894953727722168,
        "encoding_time": 0.22226595878601074,
        "ms-ssim": 0.9930728673934937,
        "psnr": 38.349365234375
    },
    "4": {
        "bpp": 0.9536946614583334,
        "decoding_time": 0.24129867553710938,
        "encoding_time": 0.22440242767333984,
        "ms-ssim": 0.990370512008667,
        "psnr": 37.16825866699219
    },
    "5": {
        "bpp": 0.6215006510416666,
        "decoding_time": 0.2119615077972412,
        "encoding_time": 0.20337772369384766,
        "ms-ssim": 0.99155592918396,
        "psnr": 38.619136810302734
    },
    "6": {
        "bpp": 1.2499186197916667,
        "decoding_time": 0.21342730522155762,
        "encoding_time": 0.20466184616088867,
        "ms-ssim": 0.9942053556442261,
        "psnr": 34.804176330566406
    },
    "7": {
        "bpp": 1.5968424479166667,
        "decoding_time": 0.21263957023620605,
        "encoding_time": 0.20387768745422363,
        "ms-ssim": 0.9952332377433777,
        "psnr": 34.70078659057617
    },
    "8": {
        "bpp": 0.5494791666666666,
        "decoding_time": 0.2151951789855957,
        "encoding_time": 0.20703625679016113,
        "ms-ssim": 0.9932648539543152,
        "psnr": 40.3223876953125
    },
    "9": {
        "bpp": 1.3715006510416667,
        "decoding_time": 0.21312832832336426,
        "encoding_time": 0.20334386825561523,
        "ms-ssim": 0.9938936233520508,
        "psnr": 36.20410919189453
    },
    "10": {
        "bpp": 0.9716796875,
        "decoding_time": 0.2120978832244873,
        "encoding_time": 0.20389366149902344,
        "ms-ssim": 0.9909706115722656,
        "psnr": 36.27156448364258
    },
    "11": {
        "bpp": 0.737060546875,
        "decoding_time": 0.21070122718811035,
        "encoding_time": 0.20631098747253418,
        "ms-ssim": 0.9909552931785583,
        "psnr": 37.862789154052734
    },
    "12": {
        "bpp": 1.5191243489583333,
        "decoding_time": 0.21458745002746582,
        "encoding_time": 0.20454812049865723,
        "ms-ssim": 0.9961010217666626,
        "psnr": 36.37598419189453
    },
    "13": {
        "bpp": 0.4591471354166667,
        "decoding_time": 0.21366477012634277,
        "encoding_time": 0.20697283744812012,
        "ms-ssim": 0.992527186870575,
        "psnr": 40.103675842285156
    },
    "14": {
        "bpp": 0.6204427083333334,
        "decoding_time": 0.21024632453918457,
        "encoding_time": 0.20132708549499512,
        "ms-ssim": 0.9920191168785095,
        "psnr": 39.44351577758789
    },
    "15": {
        "bpp": 1.0946451822916667,
        "decoding_time": 0.2142038345336914,
        "encoding_time": 0.2017815113067627,
        "ms-ssim": 0.9925076365470886,
        "psnr": 37.01479721069336
    },
    "16": {
        "bpp": 0.8697102864583334,
        "decoding_time": 0.2134103775024414,
        "encoding_time": 0.20257973670959473,
        "ms-ssim": 0.987790584564209,
        "psnr": 37.915863037109375
    },
    "17": {
        "bpp": 1.8779296875,
        "decoding_time": 0.2140054702758789,
        "encoding_time": 0.20406484603881836,
        "ms-ssim": 0.9914647340774536,
        "psnr": 31.385404586791992
    },
    "18": {
        "bpp": 0.546142578125,
        "decoding_time": 0.2117164134979248,
        "encoding_time": 0.20256376266479492,
        "ms-ssim": 0.9909090995788574,
        "psnr": 39.219398498535156
    },
    "19": {
        "bpp": 1.0801595052083333,
        "decoding_time": 0.21441030502319336,
        "encoding_time": 0.20148873329162598,
        "ms-ssim": 0.9891218543052673,
        "psnr": 36.373497009277344
    },
    "20": {
        "bpp": 0.658203125,
        "decoding_time": 0.21118760108947754,
        "encoding_time": 0.20233607292175293,
        "ms-ssim": 0.9955145120620728,
        "psnr": 40.3260383605957
    },
    "21": {
        "bpp": 1.2953287760416667,
        "decoding_time": 0.21256470680236816,
        "encoding_time": 0.2031395435333252,
        "ms-ssim": 0.9907239675521851,
        "psnr": 34.52536392211914
    },
    "22": {
        "bpp": 1.199951171875,
        "decoding_time": 0.2172091007232666,
        "encoding_time": 0.20357561111450195,
        "ms-ssim": 0.9926857948303223,
        "psnr": 36.5858154296875
    },
    "23": {
        "bpp": 1.551513671875,
        "decoding_time": 0.21422672271728516,
        "encoding_time": 0.2035670280456543,
        "ms-ssim": 0.9943839907646179,
        "psnr": 34.776371002197266
    }
}