{
    "0": {
        "bpp": 0.07771809895833333,
        "decoding_time": 0.08277535438537598,
        "encoding_time": 0.12520790100097656,
        "ms-ssim": 0.8915508985519409,
        "psnr": 27.7984676361084
    },
    "1": {
        "bpp": 0.08658854166666667,
        "decoding_time": 0.07332038879394531,
        "encoding_time": 0.0827946662902832,
        "ms-ssim": 0.8958548903465271,
        "psnr": 28.61944007873535
    },
    "2": {
        "bpp": 0.083251953125,
        "decoding_time": 0.07222485542297363,
        "encoding_time": 0.07458043098449707,
        "ms-ssim": 0.9091529846191406,
        "psnr": 29.79098892211914
    },
    "3": {
        "bpp": 0.09236653645833333,
        "decoding_time": 0.09476923942565918,
        "encoding_time": 0.08497738838195801,
        "ms-ssim": 0.9290003776550293,
        "psnr": 28.337305068969727
    },
    "4": {
        "bpp": 0.10831705729166667,
        "decoding_time": 0.08619260787963867,
        "encoding_time": 0.08944463729858398,
        "ms-ssim": 0.8996198177337646,
        "psnr": 26.71158218383789
    },
    "5": {
        "bpp": 0.08829752604166667,
        "decoding_time": 0.0935523509979248,
        "encoding_time": 0.10589957237243652,
        "ms-ssim": 0.9462870359420776,
        "psnr": 29.025480270385742
    },
    "6": {
        "bpp": 0.14290364583333334,
        "decoding_time": 0.07005667686462402,
        "encoding_time": 0.07070326805114746,
        "ms-ssim": 0.9040906429290771,
        "psnr": 24.18364143371582
    },
    "7": {
        "bpp": 0.213134765625,
        "decoding_time": 0.07220864295959473,
        "encoding_time": 0.07168841361999512,
        "ms-ssim": 0.9268012046813965,
        "psnr": 22.757265090942383
    },
    "8": {
        "bpp": 0.07584635416666667,
        "decoding_time": 0.07075047492980957,
        "encoding_time": 0.07051229476928711,
        "ms-ssim": 0.9355659484863281,
        "psnr": 29.82024383544922
    },
    "9": {
        "bpp": 0.142578125,
        "decoding_time": 0.0692439079284668,
        "encoding_time": 0.0696418285369873,
        "ms-ssim": 0.8883835077285767,
        "psnr": 25.216197967529297
    },
    "10": {
        "bpp": 0.12369791666666667,
        "decoding_time": 0.07071924209594727,
        "encoding_time": 0.07083439826965332,
        "ms-ssim": 0.9292363524436951,
        "psnr": 26.099721908569336
    },
    "11": {
        "bpp": 0.08528645833333333,
        "decoding_time": 0.06078147888183594,
        "encoding_time": 0.07018113136291504,
        "ms-ssim": 0.9261426329612732,
        "psnr": 28.437124252319336
    },
    "12": {
        "bpp": 0.19986979166666666,
        "decoding_time": 0.06094717979431152,
        "encoding_time": 0.06324410438537598,
        "ms-ssim": 0.9125115871429443,
        "psnr": 23.667604446411133
    },
    "13": {
        "bpp": 0.07698567708333333,
        "decoding_time": 0.05919599533081055,
        "encoding_time": 0.06021857261657715,
        "ms-ssim": 0.9415385127067566,
        "psnr": 30.088516235351562
    },
    "14": {
        "bpp": 0.09309895833333333,
        "decoding_time": 0.06696534156799316,
        "encoding_time": 0.05965876579284668,
        "ms-ssim": 0.9302389025688171,
        "psnr": 28.696582794189453
    },
    "15": {
        "bpp": 0.11490885416666667,
        "decoding_time": 0.07155799865722656,
        "encoding_time": 0.06366181373596191,
        "ms-ssim": 0.8977078199386597,
        "psnr": 26.65352439880371
    },
    "16": {
        "bpp": 0.07902018229166667,
        "decoding_time": 0.07024168968200684,
        "encoding_time": 0.0713050365447998,
        "ms-ssim": 0.8819257616996765,
        "psnr": 28.43577766418457
    },
    "17": {
        "bpp": 0.19124348958333334,
        "decoding_time": 0.07394862174987793,
        "encoding_time": 0.07075953483581543,
        "ms-ssim": 0.8632700443267822,
        "psnr": 21.892223358154297
    },
    "18": {
        "bpp": 0.087646484375,
        "decoding_time": 0.0697634220123291,
        "encoding_time": 0.07197237014770508,
        "ms-ssim": 0.9486085772514343,
        "psnr": 29.40828514099121
    },
    "19": {
        "bpp": 0.10734049479166667,
        "decoding_time": 0.07057070732116699,
        "encoding_time": 0.07070422172546387,
        "ms-ssim": 0.8754868507385254,
        "psnr": 27.04182243347168
    },
    "20": {
        "bpp": 0.11637369791666667,
        "decoding_time": 0.07355833053588867,
        "encoding_time": 0.07066774368286133,
        "ms-ssim": 0.9497307538986206,
        "psnr": 28.547115325927734
    },
    "21": {
        "bpp": 0.138916015625,
        "decoding_time": 0.06980490684509277,
        "encoding_time": 0.07117271423339844,
        "ms-ssim": 0.8881855010986328,
        "psnr": 25.000961303710938
    },
    "22": {
        "bpp": 0.12760416666666666,
        "decoding_time": 0.06832408905029297,
        "encoding_time": 0.06498193740844727,
        "ms-ssim": 0.8836395144462585,
        "psnr": 25.406442642211914
    },
    "23": {
        "bpp": 0.18204752604166666,
        "decoding_time": 0.07373261451721191,
        "encoding_time": 0.06702494621276855,
        "ms-ssim": 0.9057702422142029,
        "psnr": 24.674854278564453
    }
}