{
    "0": {
        "bpp": 0.07902018229166667,
        "decoding_time": 0.08250737190246582,
        "encoding_time": 0.09678888320922852,
        "ms-ssim": 0.8920201063156128,
        "psnr": 27.821218490600586
    },
    "1": {
        "bpp": 0.087646484375,
        "decoding_time": 0.07376527786254883,
        "encoding_time": 0.07284927368164062,
        "ms-ssim": 0.8961068391799927,
        "psnr": 28.6413516998291
    },
    "2": {
        "bpp": 0.08447265625,
        "decoding_time": 0.07939481735229492,
        "encoding_time": 0.09268712997436523,
        "ms-ssim": 0.9093071222305298,
        "psnr": 29.7858829498291
    },
    "3": {
        "bpp": 0.09391276041666667,
        "decoding_time": 0.06801199913024902,
        "encoding_time": 0.06850242614746094,
        "ms-ssim": 0.9295870661735535,
        "psnr": 28.372581481933594
    },
    "4": {
        "bpp": 0.11018880208333333,
        "decoding_time": 0.0713505744934082,
        "encoding_time": 0.06633305549621582,
        "ms-ssim": 0.8998903036117554,
        "psnr": 26.736360549926758
    },
    "5": {
        "bpp": 0.08797200520833333,
        "decoding_time": 0.07146859169006348,
        "encoding_time": 0.06845331192016602,
        "ms-ssim": 0.9456104040145874,
        "psnr": 28.99152946472168
    },
    "6": {
        "bpp": 0.14510091145833334,
        "decoding_time": 0.06952047348022461,
        "encoding_time": 0.07097506523132324,
        "ms-ssim": 0.9050387740135193,
        "psnr": 24.196693420410156
    },
    "7": {
        "bpp": 0.21516927083333334,
        "decoding_time": 0.07397866249084473,
        "encoding_time": 0.06851577758789062,
        "ms-ssim": 0.9273564219474792,
        "psnr": 22.745624542236328
    },
    "8": {
        "bpp": 0.07649739583333333,
        "decoding_time": 0.07277345657348633,
        "encoding_time": 0.06674885749816895,
        "ms-ssim": 0.9352821111679077,
        "psnr": 29.830537796020508
    },
    "9": {
        "bpp": 0.14444986979166666,
        "decoding_time": 0.07333779335021973,
        "encoding_time": 0.07328939437866211,
        "ms-ssim": 0.8890022039413452,
        "psnr": 25.216434478759766
    },
    "10": {
        "bpp": 0.12548828125,
        "decoding_time": 0.07374691963195801,
        "encoding_time": 0.07137346267700195,
        "ms-ssim": 0.9295238852500916,
        "psnr": 26.120311737060547
    },
    "11": {
        "bpp": 0.08610026041666667,
        "decoding_time": 0.07065582275390625,
        "encoding_time": 0.07005596160888672,
        "ms-ssim": 0.9262994527816772,
        "psnr": 28.40812873840332
    },
    "12": {
        "bpp": 0.20247395833333334,
        "decoding_time": 0.07930374145507812,
        "encoding_time": 0.07297635078430176,
        "ms-ssim": 0.9131439924240112,
        "psnr": 23.66520118713379
    },
    "13": {
        "bpp": 0.078125,
        "decoding_time": 0.06894326210021973,
        "encoding_time": 0.06805419921875,
        "ms-ssim": 0.9411602020263672,
        "psnr": 30.10773468017578
    },
    "14": {
        "bpp": 0.09440104166666667,
        "decoding_time": 0.058162689208984375,
        "encoding_time": 0.06009507179260254,
        "ms-ssim": 0.930343508720398,
        "psnr": 28.715837478637695
    },
    "15": {
        "bpp": 0.11629231770833333,
        "decoding_time": 0.06238555908203125,
        "encoding_time": 0.06639504432678223,
        "ms-ssim": 0.897781252861023,
        "psnr": 26.667512893676758
    },
    "16": {
        "bpp": 0.080322265625,
        "decoding_time": 0.08280205726623535,
        "encoding_time": 0.06600761413574219,
        "ms-ssim": 0.8822728991508484,
        "psnr": 28.472396850585938
    },
    "17": {
        "bpp": 0.19352213541666666,
        "decoding_time": 0.07475090026855469,
        "encoding_time": 0.0687861442565918,
        "ms-ssim": 0.8640522360801697,
        "psnr": 21.899675369262695
    },
    "18": {
        "bpp": 0.08951822916666667,
        "decoding_time": 0.07080745697021484,
        "encoding_time": 0.07751703262329102,
        "ms-ssim": 0.9485089182853699,
        "psnr": 29.379192352294922
    },
    "19": {
        "bpp": 0.10872395833333333,
        "decoding_time": 0.07372736930847168,
        "encoding_time": 0.06767773628234863,
        "ms-ssim": 0.8764449954032898,
        "psnr": 27.06871795654297
    },
    "20": {
        "bpp": 0.11783854166666667,
        "decoding_time": 0.0717010498046875,
        "encoding_time": 0.06994509696960449,
        "ms-ssim": 0.9498118162155151,
        "psnr": 28.555578231811523
    },
    "21": {
        "bpp": 0.14111328125,
        "decoding_time": 0.07179522514343262,
        "encoding_time": 0.07254433631896973,
        "ms-ssim": 0.8892602324485779,
        "psnr": 25.013660430908203
    },
    "22": {
        "bpp": 0.12947591145833334,
        "decoding_time": 0.06782150268554688,
        "encoding_time": 0.06566953659057617,
        "ms-ssim": 0.8841840028762817,
        "psnr": 25.411148071289062
    },
    "23": {
        "bpp": 0.18359375,
        "decoding_time": 0.06936073303222656,
        "encoding_time": 0.06920671463012695,
        "ms-ssim": 0.9065017700195312,
        "psnr": 24.686237335205078
    }
}