{
    "0": {
        "bpp": 0.21126302083333334,
        "decoding_time": 0.06904029846191406,
        "encoding_time": 0.08268475532531738,
        "ms-ssim": 0.9496852159500122,
        "psnr": 30.817138671875
    },
    "1": {
        "bpp": 0.20914713541666666,
        "decoding_time": 0.07012629508972168,
        "encoding_time": 0.06804919242858887,
        "ms-ssim": 0.9464115500450134,
        "psnr": 31.423364639282227
    },
    "2": {
        "bpp": 0.18294270833333334,
        "decoding_time": 0.07110905647277832,
        "encoding_time": 0.06832170486450195,
        "ms-ssim": 0.9495869874954224,
        "psnr": 32.43750762939453
    },
    "3": {
        "bpp": 0.20711263020833334,
        "decoding_time": 0.06960225105285645,
        "encoding_time": 0.06894707679748535,
        "ms-ssim": 0.9647142887115479,
        "psnr": 31.332490921020508
    },
    "4": {
        "bpp": 0.260009765625,
        "decoding_time": 0.07258152961730957,
        "encoding_time": 0.0677788257598877,
        "ms-ssim": 0.9516640901565552,
        "psnr": 29.874120712280273
    },
    "5": {
        "bpp": 0.1982421875,
        "decoding_time": 0.06982803344726562,
        "encoding_time": 0.06654644012451172,
        "ms-ssim": 0.9711465239524841,
        "psnr": 31.858259201049805
    },
    "6": {
        "bpp": 0.3753255208333333,
        "decoding_time": 0.07385587692260742,
        "encoding_time": 0.07517266273498535,
        "ms-ssim": 0.9596003890037537,
        "psnr": 27.321048736572266
    },
    "7": {
        "bpp": 0.5100911458333334,
        "decoding_time": 0.07340288162231445,
        "encoding_time": 0.07074236869812012,
        "ms-ssim": 0.9693958163261414,
        "psnr": 26.522510528564453
    },
    "8": {
        "bpp": 0.170166015625,
        "decoding_time": 0.07288336753845215,
        "encoding_time": 0.06928515434265137,
        "ms-ssim": 0.9654003977775574,
        "psnr": 32.79453659057617
    },
    "9": {
        "bpp": 0.3665364583333333,
        "decoding_time": 0.07199525833129883,
        "encoding_time": 0.06875300407409668,
        "ms-ssim": 0.9509384036064148,
        "psnr": 28.499177932739258
    },
    "10": {
        "bpp": 0.304931640625,
        "decoding_time": 0.0700986385345459,
        "encoding_time": 0.0683603286743164,
        "ms-ssim": 0.9666730165481567,
        "psnr": 29.390384674072266
    },
    "11": {
        "bpp": 0.201416015625,
        "decoding_time": 0.07273554801940918,
        "encoding_time": 0.06914234161376953,
        "ms-ssim": 0.9581576585769653,
        "psnr": 31.29520034790039
    },
    "12": {
        "bpp": 0.5005696614583334,
        "decoding_time": 0.07237815856933594,
        "encoding_time": 0.06988143920898438,
        "ms-ssim": 0.9660384654998779,
        "psnr": 27.528432846069336
    },
    "13": {
        "bpp": 0.15275065104166666,
        "decoding_time": 0.07300615310668945,
        "encoding_time": 0.06930994987487793,
        "ms-ssim": 0.969429612159729,
        "psnr": 33.52367401123047
    },
    "14": {
        "bpp": 0.20499674479166666,
        "decoding_time": 0.07405447959899902,
        "encoding_time": 0.07124090194702148,
        "ms-ssim": 0.9661678671836853,
        "psnr": 32.26222229003906
    },
    "15": {
        "bpp": 0.288330078125,
        "decoding_time": 0.07302403450012207,
        "encoding_time": 0.07075691223144531,
        "ms-ssim": 0.9494101405143738,
        "psnr": 29.606407165527344
    },
    "16": {
        "bpp": 0.19881184895833334,
        "decoding_time": 0.09268760681152344,
        "encoding_time": 0.0724031925201416,
        "ms-ssim": 0.9305824637413025,
        "psnr": 31.16010284423828
    },
    "17": {
        "bpp": 0.5482584635416666,
        "decoding_time": 0.0773468017578125,
        "encoding_time": 0.07152295112609863,
        "ms-ssim": 0.9460411071777344,
        "psnr": 24.79804229736328
    },
    "18": {
        "bpp": 0.19108072916666666,
        "decoding_time": 0.07337045669555664,
        "encoding_time": 0.07173824310302734,
        "ms-ssim": 0.9739415049552917,
        "psnr": 32.75712585449219
    },
    "19": {
        "bpp": 0.280029296875,
        "decoding_time": 0.0744333267211914,
        "encoding_time": 0.07228350639343262,
        "ms-ssim": 0.9392493963241577,
        "psnr": 29.80855369567871
    },
    "20": {
        "bpp": 0.24568684895833334,
        "decoding_time": 0.07469701766967773,
        "encoding_time": 0.07364511489868164,
        "ms-ssim": 0.9768878221511841,
        "psnr": 32.07406234741211
    },
    "21": {
        "bpp": 0.3727213541666667,
        "decoding_time": 0.10019278526306152,
        "encoding_time": 0.07191634178161621,
        "ms-ssim": 0.9521746635437012,
        "psnr": 27.929821014404297
    },
    "22": {
        "bpp": 0.32958984375,
        "decoding_time": 0.09799456596374512,
        "encoding_time": 0.0796806812286377,
        "ms-ssim": 0.9494256973266602,
        "psnr": 28.649837493896484
    },
    "23": {
        "bpp": 0.4617513020833333,
        "decoding_time": 0.07457232475280762,
        "encoding_time": 0.066680908203125,
        "ms-ssim": 0.9608227610588074,
        "psnr": 27.716899871826172
    }
}