{
    "0": {
        "bpp": 0.21964518229166666,
        "decoding_time": 0.07974028587341309,
        "encoding_time": 0.0953667163848877,
        "ms-ssim": 0.9506082534790039,
        "psnr": 30.854413986206055
    },
    "1": {
        "bpp": 0.2158203125,
        "decoding_time": 0.06785368919372559,
        "encoding_time": 0.07364034652709961,
        "ms-ssim": 0.9473630785942078,
        "psnr": 31.475929260253906
    },
    "2": {
        "bpp": 0.19010416666666666,
        "decoding_time": 0.0641477108001709,
        "encoding_time": 0.07975029945373535,
        "ms-ssim": 0.9504061937332153,
        "psnr": 32.502044677734375
    },
    "3": {
        "bpp": 0.214599609375,
        "decoding_time": 0.06366467475891113,
        "encoding_time": 0.07507157325744629,
        "ms-ssim": 0.9656073451042175,
        "psnr": 31.387435913085938
    },
    "4": {
        "bpp": 0.2670084635416667,
        "decoding_time": 0.06244325637817383,
        "encoding_time": 0.0729825496673584,
        "ms-ssim": 0.952583909034729,
        "psnr": 29.904735565185547
    },
    "5": {
        "bpp": 0.200439453125,
        "decoding_time": 0.06552886962890625,
        "encoding_time": 0.07512545585632324,
        "ms-ssim": 0.9718958735466003,
        "psnr": 31.912538528442383
    },
    "6": {
        "bpp": 0.3856608072916667,
        "decoding_time": 0.08118510246276855,
        "encoding_time": 0.07803869247436523,
        "ms-ssim": 0.9606918096542358,
        "psnr": 27.362186431884766
    },
    "7": {
        "bpp": 0.521484375,
        "decoding_time": 0.08270668983459473,
        "encoding_time": 0.08603811264038086,
        "ms-ssim": 0.9696614742279053,
        "psnr": 26.553455352783203
    },
    "8": {
        "bpp": 0.17529296875,
        "decoding_time": 0.0841221809387207,
        "encoding_time": 0.0859842300415039,
        "ms-ssim": 0.9660115242004395,
        "psnr": 32.8454704284668
    },
    "9": {
        "bpp": 0.3784993489583333,
        "decoding_time": 0.08356952667236328,
        "encoding_time": 0.10104632377624512,
        "ms-ssim": 0.952316164970398,
        "psnr": 28.5582218170166
    },
    "10": {
        "bpp": 0.3108723958333333,
        "decoding_time": 0.08297514915466309,
        "encoding_time": 0.0867776870727539,
        "ms-ssim": 0.9671928882598877,
        "psnr": 29.421470642089844
    },
    "11": {
        "bpp": 0.205810546875,
        "decoding_time": 0.07947564125061035,
        "encoding_time": 0.0887441635131836,
        "ms-ssim": 0.9587545394897461,
        "psnr": 31.316307067871094
    },
    "12": {
        "bpp": 0.5122884114583334,
        "decoding_time": 0.08037042617797852,
        "encoding_time": 0.08820462226867676,
        "ms-ssim": 0.96677565574646,
        "psnr": 27.56233787536621
    },
    "13": {
        "bpp": 0.15568033854166666,
        "decoding_time": 0.08354735374450684,
        "encoding_time": 0.08671188354492188,
        "ms-ssim": 0.9699506759643555,
        "psnr": 33.61968231201172
    },
    "14": {
        "bpp": 0.21085611979166666,
        "decoding_time": 0.08809494972229004,
        "encoding_time": 0.08554911613464355,
        "ms-ssim": 0.9669507741928101,
        "psnr": 32.323631286621094
    },
    "15": {
        "bpp": 0.29736328125,
        "decoding_time": 0.0799105167388916,
        "encoding_time": 0.09001874923706055,
        "ms-ssim": 0.9503774642944336,
        "psnr": 29.647647857666016
    },
    "16": {
        "bpp": 0.205810546875,
        "decoding_time": 0.09015512466430664,
        "encoding_time": 0.08904504776000977,
        "ms-ssim": 0.9308782815933228,
        "psnr": 31.197935104370117
    },
    "17": {
        "bpp": 0.5615234375,
        "decoding_time": 0.08726143836975098,
        "encoding_time": 0.0901648998260498,
        "ms-ssim": 0.9470843076705933,
        "psnr": 24.819807052612305
    },
    "18": {
        "bpp": 0.19514973958333334,
        "decoding_time": 0.08341383934020996,
        "encoding_time": 0.0903923511505127,
        "ms-ssim": 0.974324643611908,
        "psnr": 32.81082534790039
    },
    "19": {
        "bpp": 0.2906901041666667,
        "decoding_time": 0.0892181396484375,
        "encoding_time": 0.09032130241394043,
        "ms-ssim": 0.9407055377960205,
        "psnr": 29.86227798461914
    },
    "20": {
        "bpp": 0.251708984375,
        "decoding_time": 0.08323001861572266,
        "encoding_time": 0.08838510513305664,
        "ms-ssim": 0.9778921008110046,
        "psnr": 32.22057342529297
    },
    "21": {
        "bpp": 0.3836263020833333,
        "decoding_time": 0.08505868911743164,
        "encoding_time": 0.08809566497802734,
        "ms-ssim": 0.9534929990768433,
        "psnr": 27.972488403320312
    },
    "22": {
        "bpp": 0.3397623697916667,
        "decoding_time": 0.07985043525695801,
        "encoding_time": 0.08358645439147949,
        "ms-ssim": 0.9506958723068237,
        "psnr": 28.675323486328125
    },
    "23": {
        "bpp": 0.472900390625,
        "decoding_time": 0.08382606506347656,
        "encoding_time": 0.09081244468688965,
        "ms-ssim": 0.9615479707717896,
        "psnr": 27.752735137939453
    }
}