{
    "0": {
        "bpp": 0.073486328125,
        "decoding_time": 0.2502601146697998,
        "encoding_time": 0.25199365615844727,
        "ms-ssim": 0.9151304960250854,
        "psnr": 29.38359832763672
    },
    "1": {
        "bpp": 0.06559244791666667,
        "decoding_time": 0.25501036643981934,
        "encoding_time": 0.23633670806884766,
        "ms-ssim": 0.9159256815910339,
        "psnr": 29.872879028320312
    },
    "2": {
        "bpp": 0.053629557291666664,
        "decoding_time": 0.256378173828125,
        "encoding_time": 0.23960280418395996,
        "ms-ssim": 0.9215329885482788,
        "psnr": 31.126049041748047
    },
    "3": {
        "bpp": 0.08365885416666667,
        "decoding_time": 0.2538902759552002,
        "encoding_time": 0.25019311904907227,
        "ms-ssim": 0.9391342997550964,
        "psnr": 29.594175338745117
    },
    "4": {
        "bpp": 0.08797200520833333,
        "decoding_time": 0.2586853504180908,
        "encoding_time": 0.24374914169311523,
        "ms-ssim": 0.9165312051773071,
        "psnr": 28.636138916015625
    },
    "5": {
        "bpp": 0.057779947916666664,
        "decoding_time": 0.28140759468078613,
        "encoding_time": 0.2537088394165039,
        "ms-ssim": 0.9534522891044617,
        "psnr": 30.385475158691406
    },
    "6": {
        "bpp": 0.13948567708333334,
        "decoding_time": 0.28658604621887207,
        "encoding_time": 0.2454524040222168,
        "ms-ssim": 0.9238685965538025,
        "psnr": 25.27105712890625
    },
    "7": {
        "bpp": 0.203369140625,
        "decoding_time": 0.2584671974182129,
        "encoding_time": 0.23650169372558594,
        "ms-ssim": 0.9477157592773438,
        "psnr": 24.81914520263672
    },
    "8": {
        "bpp": 0.053141276041666664,
        "decoding_time": 0.25592947006225586,
        "encoding_time": 0.24218273162841797,
        "ms-ssim": 0.9503209590911865,
        "psnr": 31.673561096191406
    },
    "9": {
        "bpp": 0.142822265625,
        "decoding_time": 0.28803133964538574,
        "encoding_time": 0.239182710647583,
        "ms-ssim": 0.910805881023407,
        "psnr": 26.716466903686523
    },
    "10": {
        "bpp": 0.11393229166666667,
        "decoding_time": 0.2538313865661621,
        "encoding_time": 0.2508244514465332,
        "ms-ssim": 0.9434083700180054,
        "psnr": 27.17091941833496
    },
    "11": {
        "bpp": 0.062174479166666664,
        "decoding_time": 0.25728321075439453,
        "encoding_time": 0.23908495903015137,
        "ms-ssim": 0.9398829340934753,
        "psnr": 30.041715621948242
    },
    "12": {
        "bpp": 0.20662434895833334,
        "decoding_time": 0.2776072025299072,
        "encoding_time": 0.2633631229400635,
        "ms-ssim": 0.9333629012107849,
        "psnr": 25.4785213470459
    },
    "13": {
        "bpp": 0.058756510416666664,
        "decoding_time": 0.2538890838623047,
        "encoding_time": 0.24011635780334473,
        "ms-ssim": 0.951126754283905,
        "psnr": 31.570178985595703
    },
    "14": {
        "bpp": 0.075927734375,
        "decoding_time": 0.2644193172454834,
        "encoding_time": 0.24309706687927246,
        "ms-ssim": 0.9499483108520508,
        "psnr": 30.990379333496094
    },
    "15": {
        "bpp": 0.09733072916666667,
        "decoding_time": 0.25513291358947754,
        "encoding_time": 0.23928499221801758,
        "ms-ssim": 0.9096348285675049,
        "psnr": 27.772674560546875
    },
    "16": {
        "bpp": 0.055013020833333336,
        "decoding_time": 0.2666199207305908,
        "encoding_time": 0.23816442489624023,
        "ms-ssim": 0.8956388831138611,
        "psnr": 30.071388244628906
    },
    "17": {
        "bpp": 0.19173177083333334,
        "decoding_time": 0.25288820266723633,
        "encoding_time": 0.23530817031860352,
        "ms-ssim": 0.877104640007019,
        "psnr": 22.500938415527344
    },
    "18": {
        "bpp": 0.06901041666666667,
        "decoding_time": 0.2512855529785156,
        "encoding_time": 0.23660874366760254,
        "ms-ssim": 0.9609410762786865,
        "psnr": 31.055267333984375
    },
    "19": {
        "bpp": 0.09016927083333333,
        "decoding_time": 0.2543661594390869,
        "encoding_time": 0.2544541358947754,
        "ms-ssim": 0.8911364078521729,
        "psnr": 28.087230682373047
    },
    "20": {
        "bpp": 0.10115559895833333,
        "decoding_time": 0.2537689208984375,
        "encoding_time": 0.23548579216003418,
        "ms-ssim": 0.9676614999771118,
        "psnr": 30.773399353027344
    },
    "21": {
        "bpp": 0.138427734375,
        "decoding_time": 0.2514955997467041,
        "encoding_time": 0.23566603660583496,
        "ms-ssim": 0.9082996249198914,
        "psnr": 25.739294052124023
    },
    "22": {
        "bpp": 0.11466471354166667,
        "decoding_time": 0.2537362575531006,
        "encoding_time": 0.2347860336303711,
        "ms-ssim": 0.9047280550003052,
        "psnr": 26.602924346923828
    },
    "23": {
        "bpp": 0.15559895833333334,
        "decoding_time": 0.2528266906738281,
        "encoding_time": 0.23604917526245117,
        "ms-ssim": 0.9198746681213379,
        "psnr": 25.724910736083984
    }
}