{
    "0": {
        "bpp": 0.07364908854166667,
        "decoding_time": 0.258342981338501,
        "encoding_time": 0.28188014030456543,
        "ms-ssim": 0.9156007766723633,
        "psnr": 29.365013122558594
    },
    "1": {
        "bpp": 0.064697265625,
        "decoding_time": 0.2851600646972656,
        "encoding_time": 0.2346363067626953,
        "ms-ssim": 0.914531946182251,
        "psnr": 29.89181137084961
    },
    "2": {
        "bpp": 0.053873697916666664,
        "decoding_time": 0.28261232376098633,
        "encoding_time": 0.30354809761047363,
        "ms-ssim": 0.920124888420105,
        "psnr": 31.091995239257812
    },
    "3": {
        "bpp": 0.08357747395833333,
        "decoding_time": 0.3032090663909912,
        "encoding_time": 0.31757426261901855,
        "ms-ssim": 0.9387795329093933,
        "psnr": 29.621835708618164
    },
    "4": {
        "bpp": 0.08658854166666667,
        "decoding_time": 0.29878783226013184,
        "encoding_time": 0.2672910690307617,
        "ms-ssim": 0.9152089953422546,
        "psnr": 28.61174201965332
    },
    "5": {
        "bpp": 0.05810546875,
        "decoding_time": 0.2704193592071533,
        "encoding_time": 0.24896979331970215,
        "ms-ssim": 0.9528259634971619,
        "psnr": 30.35626792907715
    },
    "6": {
        "bpp": 0.13948567708333334,
        "decoding_time": 0.2981607913970947,
        "encoding_time": 0.2518799304962158,
        "ms-ssim": 0.9234859943389893,
        "psnr": 25.270843505859375
    },
    "7": {
        "bpp": 0.20361328125,
        "decoding_time": 0.27000951766967773,
        "encoding_time": 0.2909858226776123,
        "ms-ssim": 0.9476844072341919,
        "psnr": 24.83514404296875
    },
    "8": {
        "bpp": 0.054280598958333336,
        "decoding_time": 0.2711343765258789,
        "encoding_time": 0.2870793342590332,
        "ms-ssim": 0.9508150815963745,
        "psnr": 31.67029571533203
    },
    "9": {
        "bpp": 0.14265950520833334,
        "decoding_time": 0.30834245681762695,
        "encoding_time": 0.3070104122161865,
        "ms-ssim": 0.9103426933288574,
        "psnr": 26.70782470703125
    },
    "10": {
        "bpp": 0.11458333333333333,
        "decoding_time": 0.2880566120147705,
        "encoding_time": 0.22696518898010254,
        "ms-ssim": 0.9433884620666504,
        "psnr": 27.178707122802734
    },
    "11": {
        "bpp": 0.061442057291666664,
        "decoding_time": 0.29012346267700195,
        "encoding_time": 0.2618529796600342,
        "ms-ssim": 0.9395896196365356,
        "psnr": 30.027305603027344
    },
    "12": {
        "bpp": 0.20646158854166666,
        "decoding_time": 0.33033132553100586,
        "encoding_time": 0.26302266120910645,
        "ms-ssim": 0.9330901503562927,
        "psnr": 25.46259307861328
    },
    "13": {
        "bpp": 0.058512369791666664,
        "decoding_time": 0.29630422592163086,
        "encoding_time": 0.27185964584350586,
        "ms-ssim": 0.951366126537323,
        "psnr": 31.639450073242188
    },
    "14": {
        "bpp": 0.07600911458333333,
        "decoding_time": 0.2761526107788086,
        "encoding_time": 0.24042820930480957,
        "ms-ssim": 0.9492983222007751,
        "psnr": 30.976123809814453
    },
    "15": {
        "bpp": 0.09830729166666667,
        "decoding_time": 0.2589075565338135,
        "encoding_time": 0.2955770492553711,
        "ms-ssim": 0.9092469215393066,
        "psnr": 27.78836441040039
    },
    "16": {
        "bpp": 0.054036458333333336,
        "decoding_time": 0.29497480392456055,
        "encoding_time": 0.2758607864379883,
        "ms-ssim": 0.8940461874008179,
        "psnr": 30.061113357543945
    },
    "17": {
        "bpp": 0.19091796875,
        "decoding_time": 0.263897180557251,
        "encoding_time": 0.2949366569519043,
        "ms-ssim": 0.8758125305175781,
        "psnr": 22.505966186523438
    },
    "18": {
        "bpp": 0.07071940104166667,
        "decoding_time": 0.28454017639160156,
        "encoding_time": 0.248732328414917,
        "ms-ssim": 0.9613363742828369,
        "psnr": 31.12114715576172
    },
    "19": {
        "bpp": 0.08894856770833333,
        "decoding_time": 0.27373600006103516,
        "encoding_time": 0.2800304889678955,
        "ms-ssim": 0.8900558948516846,
        "psnr": 28.087627410888672
    },
    "20": {
        "bpp": 0.10164388020833333,
        "decoding_time": 0.2645580768585205,
        "encoding_time": 0.24697661399841309,
        "ms-ssim": 0.9681679010391235,
        "psnr": 30.80884552001953
    },
    "21": {
        "bpp": 0.138427734375,
        "decoding_time": 0.2829554080963135,
        "encoding_time": 0.26639771461486816,
        "ms-ssim": 0.9065532684326172,
        "psnr": 25.71997833251953
    },
    "22": {
        "bpp": 0.115478515625,
        "decoding_time": 0.25780773162841797,
        "encoding_time": 0.2710134983062744,
        "ms-ssim": 0.9059065580368042,
        "psnr": 26.6324462890625
    },
    "23": {
        "bpp": 0.15608723958333334,
        "decoding_time": 0.24967265129089355,
        "encoding_time": 0.24928832054138184,
        "ms-ssim": 0.9206427931785583,
        "psnr": 25.74954605102539
    }
}