{
    "0": {
        "bpp": 0.9789225260416666,
        "decoding_time": 0.0741109848022461,
        "encoding_time": 0.07985115051269531,
        "ms-ssim": 0.9919884204864502,
        "psnr": 37.93720245361328
    },
    "1": {
        "bpp": 0.9716796875,
        "decoding_time": 0.0733330249786377,
        "encoding_time": 0.06817841529846191,
        "ms-ssim": 0.9898340106010437,
        "psnr": 37.50786590576172
    },
    "2": {
        "bpp": 0.8375651041666666,
        "decoding_time": 0.07445526123046875,
        "encoding_time": 0.06749224662780762,
        "ms-ssim": 0.9898405075073242,
        "psnr": 38.82079315185547
    },
    "3": {
        "bpp": 0.8722330729166666,
        "decoding_time": 0.07190680503845215,
        "encoding_time": 0.0680387020111084,
        "ms-ssim": 0.9930552840232849,
        "psnr": 37.54448699951172
    },
    "4": {
        "bpp": 1.092041015625,
        "decoding_time": 0.0727238655090332,
        "encoding_time": 0.07009577751159668,
        "ms-ssim": 0.9910531044006348,
        "psnr": 36.48047637939453
    },
    "5": {
        "bpp": 0.754638671875,
        "decoding_time": 0.0738372802734375,
        "encoding_time": 0.06998848915100098,
        "ms-ssim": 0.9916523694992065,
        "psnr": 37.8519172668457
    },
    "6": {
        "bpp": 1.39306640625,
        "decoding_time": 0.07915115356445312,
        "encoding_time": 0.07230854034423828,
        "ms-ssim": 0.9934389591217041,
        "psnr": 33.27766418457031
    },
    "7": {
        "bpp": 1.7149251302083333,
        "decoding_time": 0.07891154289245605,
        "encoding_time": 0.07340693473815918,
        "ms-ssim": 0.994409441947937,
        "psnr": 33.32841873168945
    },
    "8": {
        "bpp": 0.692626953125,
        "decoding_time": 0.07271790504455566,
        "encoding_time": 0.07240819931030273,
        "ms-ssim": 0.9926517009735107,
        "psnr": 39.33848571777344
    },
    "9": {
        "bpp": 1.477294921875,
        "decoding_time": 0.07661318778991699,
        "encoding_time": 0.07178878784179688,
        "ms-ssim": 0.9927484393119812,
        "psnr": 35.29631042480469
    },
    "10": {
        "bpp": 1.093994140625,
        "decoding_time": 0.07589530944824219,
        "encoding_time": 0.07277536392211914,
        "ms-ssim": 0.9912962913513184,
        "psnr": 35.657989501953125
    },
    "11": {
        "bpp": 0.873291015625,
        "decoding_time": 0.07399678230285645,
        "encoding_time": 0.07143878936767578,
        "ms-ssim": 0.9897686243057251,
        "psnr": 36.98250198364258
    },
    "12": {
        "bpp": 1.6437174479166667,
        "decoding_time": 0.07960987091064453,
        "encoding_time": 0.07349443435668945,
        "ms-ssim": 0.9952336549758911,
        "psnr": 34.77019500732422
    },
    "13": {
        "bpp": 0.586669921875,
        "decoding_time": 0.0713651180267334,
        "encoding_time": 0.07381486892700195,
        "ms-ssim": 0.992444634437561,
        "psnr": 39.5552978515625
    },
    "14": {
        "bpp": 0.8238118489583334,
        "decoding_time": 0.07677531242370605,
        "encoding_time": 0.06976556777954102,
        "ms-ssim": 0.9918831586837769,
        "psnr": 38.55152130126953
    },
    "15": {
        "bpp": 1.2266438802083333,
        "decoding_time": 0.0831761360168457,
        "encoding_time": 0.07242751121520996,
        "ms-ssim": 0.992198646068573,
        "psnr": 36.218448638916016
    },
    "16": {
        "bpp": 1.0377604166666667,
        "decoding_time": 0.07236576080322266,
        "encoding_time": 0.07255911827087402,
        "ms-ssim": 0.9861512184143066,
        "psnr": 37.13142395019531
    },
    "17": {
        "bpp": 1.9105631510416667,
        "decoding_time": 0.08136963844299316,
        "encoding_time": 0.07399535179138184,
        "ms-ssim": 0.9916099309921265,
        "psnr": 30.757280349731445
    },
    "18": {
        "bpp": 0.7041829427083334,
        "decoding_time": 0.07547688484191895,
        "encoding_time": 0.0690467357635498,
        "ms-ssim": 0.9911932945251465,
        "psnr": 38.64828872680664
    },
    "19": {
        "bpp": 1.2267252604166667,
        "decoding_time": 0.07527470588684082,
        "encoding_time": 0.07189083099365234,
        "ms-ssim": 0.9888936877250671,
        "psnr": 35.96428298950195
    },
    "20": {
        "bpp": 0.8308919270833334,
        "decoding_time": 0.07342863082885742,
        "encoding_time": 0.07002997398376465,
        "ms-ssim": 0.9953063726425171,
        "psnr": 39.16310119628906
    },
    "21": {
        "bpp": 1.4209798177083333,
        "decoding_time": 0.07647371292114258,
        "encoding_time": 0.0714406967163086,
        "ms-ssim": 0.9906014800071716,
        "psnr": 33.89950180053711
    },
    "22": {
        "bpp": 1.2801106770833333,
        "decoding_time": 0.07593297958374023,
        "encoding_time": 0.06797909736633301,
        "ms-ssim": 0.9920920133590698,
        "psnr": 35.661338806152344
    },
    "23": {
        "bpp": 1.6319986979166667,
        "decoding_time": 0.07979035377502441,
        "encoding_time": 0.07094812393188477,
        "ms-ssim": 0.9937953948974609,
        "psnr": 34.30954360961914
    }
}