{
    "0": {
        "bpp": 0.97900390625,
        "decoding_time": 0.112518310546875,
        "encoding_time": 0.1069631576538086,
        "ms-ssim": 0.9920182228088379,
        "psnr": 37.94327163696289
    },
    "1": {
        "bpp": 0.97509765625,
        "decoding_time": 0.08606410026550293,
        "encoding_time": 0.08397173881530762,
        "ms-ssim": 0.9898042678833008,
        "psnr": 37.47718811035156
    },
    "2": {
        "bpp": 0.8408203125,
        "decoding_time": 0.08019638061523438,
        "encoding_time": 0.07881736755371094,
        "ms-ssim": 0.9900049567222595,
        "psnr": 38.873443603515625
    },
    "3": {
        "bpp": 0.8726399739583334,
        "decoding_time": 0.09090089797973633,
        "encoding_time": 0.0895843505859375,
        "ms-ssim": 0.9930785894393921,
        "psnr": 37.5455207824707
    },
    "4": {
        "bpp": 1.0941569010416667,
        "decoding_time": 0.08358025550842285,
        "encoding_time": 0.08837246894836426,
        "ms-ssim": 0.9910119771957397,
        "psnr": 36.459808349609375
    },
    "5": {
        "bpp": 0.757568359375,
        "decoding_time": 0.08845019340515137,
        "encoding_time": 0.08065080642700195,
        "ms-ssim": 0.9917051196098328,
        "psnr": 37.85243225097656
    },
    "6": {
        "bpp": 1.394775390625,
        "decoding_time": 0.09180092811584473,
        "encoding_time": 0.08620190620422363,
        "ms-ssim": 0.9934694170951843,
        "psnr": 33.298553466796875
    },
    "7": {
        "bpp": 1.717529296875,
        "decoding_time": 0.09688687324523926,
        "encoding_time": 0.0871741771697998,
        "ms-ssim": 0.9944226145744324,
        "psnr": 33.31040573120117
    },
    "8": {
        "bpp": 0.6932779947916666,
        "decoding_time": 0.07058477401733398,
        "encoding_time": 0.0874481201171875,
        "ms-ssim": 0.9926599860191345,
        "psnr": 39.33376693725586
    },
    "9": {
        "bpp": 1.4794921875,
        "decoding_time": 0.06825447082519531,
        "encoding_time": 0.07155251502990723,
        "ms-ssim": 0.9927347898483276,
        "psnr": 35.29756164550781
    },
    "10": {
        "bpp": 1.0956217447916667,
        "decoding_time": 0.07259559631347656,
        "encoding_time": 0.06951236724853516,
        "ms-ssim": 0.9913229942321777,
        "psnr": 35.65187454223633
    },
    "11": {
        "bpp": 0.875244140625,
        "decoding_time": 0.07768654823303223,
        "encoding_time": 0.07082200050354004,
        "ms-ssim": 0.9897128939628601,
        "psnr": 36.985511779785156
    },
    "12": {
        "bpp": 1.6461588541666667,
        "decoding_time": 0.07906818389892578,
        "encoding_time": 0.0763397216796875,
        "ms-ssim": 0.9952594637870789,
        "psnr": 34.782920837402344
    },
    "13": {
        "bpp": 0.5890299479166666,
        "decoding_time": 0.07280135154724121,
        "encoding_time": 0.0809319019317627,
        "ms-ssim": 0.9924308657646179,
        "psnr": 39.55449295043945
    },
    "14": {
        "bpp": 0.8257649739583334,
        "decoding_time": 0.07723426818847656,
        "encoding_time": 0.08449101448059082,
        "ms-ssim": 0.9919313192367554,
        "psnr": 38.58352279663086
    },
    "15": {
        "bpp": 1.2273763020833333,
        "decoding_time": 0.08063912391662598,
        "encoding_time": 0.08169674873352051,
        "ms-ssim": 0.9922056198120117,
        "psnr": 36.206581115722656
    },
    "16": {
        "bpp": 1.0397135416666667,
        "decoding_time": 0.08930039405822754,
        "encoding_time": 0.08104157447814941,
        "ms-ssim": 0.9860920906066895,
        "psnr": 37.09523010253906
    },
    "17": {
        "bpp": 1.9138997395833333,
        "decoding_time": 0.09992837905883789,
        "encoding_time": 0.0963141918182373,
        "ms-ssim": 0.9916598796844482,
        "psnr": 30.743501663208008
    },
    "18": {
        "bpp": 0.7067057291666666,
        "decoding_time": 0.08928799629211426,
        "encoding_time": 0.08916759490966797,
        "ms-ssim": 0.9912363886833191,
        "psnr": 38.66099166870117
    },
    "19": {
        "bpp": 1.229736328125,
        "decoding_time": 0.0948176383972168,
        "encoding_time": 0.09234738349914551,
        "ms-ssim": 0.9889364242553711,
        "psnr": 35.9659423828125
    },
    "20": {
        "bpp": 0.8330078125,
        "decoding_time": 0.0925440788269043,
        "encoding_time": 0.0940861701965332,
        "ms-ssim": 0.9953012466430664,
        "psnr": 39.13805389404297
    },
    "21": {
        "bpp": 1.425048828125,
        "decoding_time": 0.09134316444396973,
        "encoding_time": 0.09284162521362305,
        "ms-ssim": 0.9906233549118042,
        "psnr": 33.89869689941406
    },
    "22": {
        "bpp": 1.2806803385416667,
        "decoding_time": 0.08862876892089844,
        "encoding_time": 0.0854954719543457,
        "ms-ssim": 0.992107093334198,
        "psnr": 35.6617317199707
    },
    "23": {
        "bpp": 1.6326497395833333,
        "decoding_time": 0.08716273307800293,
        "encoding_time": 0.08426690101623535,
        "ms-ssim": 0.9937835931777954,
        "psnr": 34.296974182128906
    }
}